well_id,latitude,longitude,x_m,y_m,nitrate_median_mgL,exceeds_10mgL,well_depth_ft
01050601,36.828356,-121.676089,-149284.4,-130741.2,15.9,1,
AGC100000001-CCGC_0056,36.518767,-121.477083,-132097.1,-165440.3,10.8,1,
AGC100000001-CCGC_0365,36.74264,-121.62765,-145134.0,-140342.1,15.0,1,
AGC100000001-CCGC_0387,35.87984,-120.88783,-80066.4,-237091.5,8.4,0,
AGC100000001-CCGC_0533,36.67841,-121.73455,-154795.6,-147310.6,3.8,0,
AGC100000001-CCGC_0537,36.69415,-121.69383,-151130.8,-145627.2,71.15,1,
AGC100000001-CCGC_0543,36.67895,-121.72928,-154324.3,-147259.2,0.45,0,
AGC100000001-CCGC_0544,36.73244,-121.7057,-152113.2,-141353.2,41.3,1,
AGC100000001-CCGC_0545,36.46818,-121.46027,-130680.2,-171084.9,12.15,1,
AGC100000001-CCGC_0546,36.64743,-121.69202,-151062.0,-150821.9,0.85,0,
AGC100000001-CCGC_0547,36.67162,-121.69472,-151255.0,-148129.5,0.2,0,
AGC100000001-CCGC_0548,36.67837,-121.72296,-153761.5,-147333.9,0.45,0,
AGC100000001-CCGC_0549,36.69322,-121.73548,-154848.5,-145663.4,9.5,0,
AGC100000001-CCGC_0550,36.64276,-121.64684,-147037.8,-151411.8,5.6,0,
AGC100000001-CCGC_0559,36.47854,-121.47536,-132012.6,-169912.8,24.0,1,
AGC100000001-CCGC_0560,36.38646,-121.34103,-120138.5,-180323.3,5.85,0,
AGC100000001-CCGC_0561,36.38605,-121.35908,-121756.1,-180345.8,25.3,1,
AGC100000001-CCGC_0562,36.53164,-121.47224,-131641.8,-164016.5,28.2,1,
AGC100000001-CCGC_0565,36.3094,-121.20271,-107856.2,-189052.4,19.2,1,
AGC100000001-CCGC_0566,36.27416,-121.30305,-116907.8,-192849.1,0.28,0,
AGC100000001-CCGC_0567,36.01108,-120.92167,-82976.4,-222481.7,0.45,0,
AGC100000001-CCGC_0583,36.65292,-121.67973,-149954.1,-150231.3,0.28,0,
AGC100000001-CCGC_0584,36.72249,-121.69755,-151406.3,-142472.0,4.55,0,
AGC100000001-CCGC_0585,36.6966,-121.69693,-151402.5,-145350.0,45.85,1,
AGC100000001-CCGC_0587,36.71774,-121.61888,-144399.4,-143122.6,8.8,0,
AGC100000001-CCGC_0593,36.72489,-121.64542,-146752.6,-142287.2,26.65,1,
AGC100000001-CCGC_0594,36.27123,-121.30154,-116776.8,-193176.5,0.28,0,
AGC100000001-CCGC_0595,36.72143,-121.66751,-148729.4,-142637.3,122.0,1,
AGC100000001-CCGC_0596,36.72757,-121.67544,-149424.5,-141942.5,3.2,0,
AGC100000001-CCGC_0598,36.71118,-121.67595,-149502.2,-143763.1,8.8,0,
AGC100000001-CCGC_0609,36.22846,-121.14108,-102437.9,-198114.4,56.15,1,
AGC100000001-CCGC_0610,36.46019,-121.40813,-126027.7,-172043.3,0.28,0,
AGC100000001-CCGC_0611,36.22103,-121.17599,-105582.0,-198901.6,13.85,1,
AGC100000001-CCGC_0612,36.35614,-121.21375,-108779.7,-183846.1,0.7,0,
AGC100000001-CCGC_0613,36.38437,-121.35744,-121611.9,-180534.6,15.85,1,
AGC100000001-CCGC_0614,36.40788,-121.27025,-113766.1,-178030.4,7.65,0,
AGC100000001-CCGC_0615,36.66395,-121.73577,-154933.9,-148915.5,4.3,0,
AGC100000001-CCGC_0616,36.66958,-121.7403,-155326.7,-148282.5,1.85,0,
AGC100000001-CCGC_0617,36.66651,-121.7364,-154984.9,-148630.0,1.15,0,
AGC100000001-CCGC_0618,36.73176,-121.74947,-156017.6,-141357.7,2.95,0,
AGC100000001-CCGC_0628,36.66327,-121.54792,-138169.3,-149281.4,0.28,0,
AGC100000001-CCGC_0632,36.70597,-121.6763,-149543.7,-144341.5,81.45,1,
AGC100000001-CCGC_0634,36.72928,-121.62543,-144961.6,-141830.1,12.8,1,
AGC100000001-CCGC_0636,36.22839,-121.14111,-102440.7,-198122.1,61.2,1,
AGC100000001-CCGC_0638,36.47784,-121.39806,-125097.6,-170095.4,89.5,1,
AGC100000001-CCGC_0639,36.18392,-121.07066,-96172.3,-203137.1,0.8,0,
AGC100000001-CCGC_0640,36.29074,-121.20619,-108194.7,-191121.8,37.7,1,
AGC100000001-CCGC_0641,36.29336,-121.28169,-114962.6,-190741.8,1.1,0,
AGC100000001-CCGC_0642,36.58581,-121.60444,-143359.6,-157805.3,1.0,0,
AGC100000001-CCGC_0649,36.73546,-121.73783,-154972.1,-140965.6,0.2,0,
AGC100000001-CCGC_0650,36.74254,-121.72749,-154035.8,-140195.7,47.3,1,
AGC100000001-CCGC_0651,36.7413,-121.73444,-154658.0,-140322.1,0.5,0,
AGC100000001-CCGC_0652,36.74438,-121.73898,-155056.5,-139972.5,130.0,1,
AGC100000001-CCGC_0655,36.74295,-121.61804,-144276.6,-140322.3,8.2,0,
AGC100000001-CCGC_0656,36.75008,-121.6258,-144954.9,-139518.1,1.7,0,
AGL020000518-M-24,36.27045,-121.16489,-104518.0,-193422.7,88.4,1,
AGL020000518-M-D,36.26436,-121.15434,-103579.7,-194111.0,0.2,0,
AGL020000519-J-23,36.25738,-121.16014,-104109.6,-194880.2,40.4,1,
AGL020000519-J-26,36.24976,-121.16017,-104122.6,-195726.8,11.2,1,
AGL020000519-J-6,36.2456,-121.15915,-104036.7,-196190.2,8.04,0,
AGL020000519-J-D,36.24786,-121.15166,-103361.5,-195947.3,5.9,0,
AGL020000520-LO-D,36.2779,-121.15574,-103686.9,-192604.9,37.1,1,
AGL020000522-PN-4,36.28408,-121.17359,-105279.8,-191898.6,38.1,1,
AGL020000522-PN-D,36.28625,-121.1626,-104291.0,-191669.6,30.2,1,
AGL020000523-T-3,36.28204,-121.16862,-104836.7,-192130.7,101.0,1,
AGL020000523-T-4,36.28149,-121.17161,-105105.7,-192188.5,40.2,1,
AGL020000524-G-1,36.27188,-121.16399,-104435.3,-193264.8,53.79,1,
AGL020000524-G-3,36.27382,-121.16968,-104943.1,-193042.9,14.7,1,
AGL020000524-G3,36.2738,-121.16998,-104970.0,-193044.8,11.1,1,
AGL020000526-DW-1,36.20661,-121.1162,-100233.1,-200568.8,56.1,1,
AGL020000526-DW-D,36.20624,-121.11591,-100207.5,-200610.2,1.3,0,
AGL020000527-DE-4,36.19852,-121.09242,-98108.1,-201492.5,15.7,1,
AGL020000528-R-1,36.20726,-121.11578,-100194.5,-200497.0,47.8,1,
AGL020000537-NORTH WELL,35.99393,-120.90955,-81903.5,-224397.7,0.75,0,
AGL020000537-SOUTH WELL,35.98391,-120.90352,-81371.2,-225516.1,0.7,0,
AGL020000537-WELL,35.983809,-120.903617,-81380.0,-225527.3,0.3,0,
AGL020000538-WINDMILL,36.28356,-121.31625,-118077.5,-191788.3,0.48,0,
AGL020000538-WINDMILL NORTH,36.28362,-121.31631,-118082.7,-191781.5,0.2,0,
AGL020000548-AG WELL,36.54132,-121.49849,-133971.7,-162904.1,10.0,0,
AGL020000548-DOM WELL,36.54886,-121.49876,-133982.6,-162065.8,10.8,1,
AGL020000570-AG_WELL_SV,36.62416,-121.55258,-138656.4,-153620.8,56.8,1,
AGL020000570-DUAL_SV,36.6242,-121.5526167,-138659.6,-153616.3,51.29,1,
AGL020000570-DUAL_SVN,36.62275,-121.55493,-138868.9,-153774.0,1.2,0,
AGL020000599-WELL 1,36.30297992,-121.3068965,-117208.7,-189642.1,0.8,0,
AGL020000601-BLACKJCK DOM,36.177333,-121.043361,-93728.3,-203896.3,16.7,1,
AGL020000601-BLACKJ_DOM,36.17723,-121.04336,-93728.3,-203907.8,73.35,1,
AGL020000601-MAGGIO #1,36.17518,-121.07158,-96265.9,-204107.3,7.2,0,
AGL020000601-MAGGIO #10,36.17965,-121.06881,-96011.5,-203613.4,52.7,1,
AGL020000601-SLRCMAG6 IRR,36.1785,-121.072972,-96386.8,-203737.0,10.5,1,
AGL020000601-SWEETWTR DOM,36.186222,-121.067556,-95890.6,-202884.4,1.08,0,
AGL020000601-SWEETW_DOM,36.18621,-121.06748,-95883.8,-202885.9,0.2,0,
AGL020000601-SWRI,36.18465,-121.06845,-95972.9,-203058.2,21.25,1,
AGL020000612-FOLET1_IRR,36.02338,-120.8983,-80859.5,-221135.3,119.5,1,
AGL020000612-FOLET2_IRR,36.02552,-120.90395,-81365.8,-220892.7,102.45,1,
AGL020000612-FOLETTA #1 IRR,36.023361,-120.898389,-80867.6,-221137.4,100.85,1,
AGL020000613-FERRINI #2,36.011083,-120.888861,-80022.7,-222509.6,36.55,1,
AGL020000613-FERRINI1,36.00909,-120.88626,-79790.6,-222733.2,59.9,1,
AGL020000615-BORZINI #1,36.207,-121.119111,-100493.9,-200522.4,23.65,1,
AGL020000615-RAINBOW #1,36.20885,-121.11741,-100338.8,-200318.6,52.45,1,
AGL020000617-LYNCH #1,36.02607,-120.91217,-82105.1,-220824.5,24.15,1,
AGL020000617-LYNCH #2,36.022556,-120.91,-81913.5,-221216.8,20.0,1,
AGL020000617-LYNCH DOM,36.0286,-120.90961,-81872.0,-220545.7,47.9,1,
AGL020000618-DUDL2_IRR,36.02693,-120.90471,-81432.7,-220735.4,111.0,1,
AGL020000618-DUDLEY #1 IRR,36.026944,-120.904333,-81398.8,-220734.2,90.85,1,
AGL020000619-BRES_DOM,36.02366,-120.89835,-80863.7,-221104.2,88.3,1,
AGL020000621-CHERRY DOM,36.01555,-120.8884,-79976.6,-222013.7,37.4,1,
AGL020000621-CHERRY#1 IRR,36.013722,-120.892028,-80305.1,-222213.7,71.7,1,
AGL020000621-CHERRY1IRR,36.01375,-120.892,-80302.5,-222210.6,123.0,1,
AGL020000623-GLAU #1 IRR,36.008278,-120.885861,-79755.6,-222823.8,18.3,1,
AGL020000623-GLAU1IRR,36.00808,-120.8858,-79750.3,-222845.8,21.6,1,
AGL020000624-LOMBA1_IRR,35.98815,-120.87897,-79155.9,-225065.8,7.1,0,
AGL020000624-LOMBARDI DOM,35.993139,-120.877833,-79048.4,-224512.5,41.8,1,
AGL020000624-LOMBA_DOM,35.99315,-120.87787,-79051.7,-224511.2,89.85,1,
AGL020000624-LOMBRD#2 IRR,35.980833,-120.874111,-78725.8,-225882.8,19.45,1,
AGL020000625-GALLAGHER #2,35.978806,-120.874889,-78798.0,-226107.4,7.4,0,
AGL020000625-GALLA_1,35.97422,-120.87563,-78869.4,-226616.3,1.05,0,
AGL020000626-ROSEN1_IRR,36.00999,-120.89925,-80959.1,-222622.2,35.85,1,
AGL020000626-ROSENBERG #3,35.986806,-120.885556,-79750.4,-225209.6,4.15,0,
AGL020000628-TOGNET AG1,36.19219,-121.08521,-97468.7,-202203.3,4.0,0,
AGL020000628-TOGNETTI #1 IRR,36.184167,-121.090556,-97959.0,-203089.3,9.6,0,
AGL020000632-BELLA VISTA #3,36.17725,-121.083494,-97333.5,-203865.1,16.1,1,
AGL020000632-BELLA_2,36.17751,-121.10107,-98912.0,-203818.0,24.3,1,
AGL020000702-CCGC_0057,36.51647,-121.46736,-131231.5,-165709.0,18.85,1,
AGL020000702-PU AGWELL 1,36.524,-121.4694,-131401.0,-164869.5,6.4,0,
AGL020000702-PU AGWELL1,36.51561,-121.46822,-131309.9,-165803.4,7.9,0,
AGL020000704-BR AGWELL1,36.519,-121.4581,-130399.1,-165440.7,9.9,0,
AGL020000704-BR_AGWELL1,36.51811,-121.45606,-130218.2,-165542.4,17.9,1,
AGL020000704-CCGC_0055,36.52098,-121.45261,-129904.8,-165228.2,40.15,1,
AGL020000705-CCGC_0056,36.519,-121.4768,-132071.4,-165414.8,1.11,0,
AGL020000705-PE AGWELL 1,36.519,-121.4772,-132107.1,-165414.2,1.2,0,
AGL020000705-PE AGWELL1,36.51725,-121.47638,-132036.8,-165609.8,1.45,0,
AGL020000721-ABRAMS,36.50083,-121.5042,-134553.6,-167395.3,3.67,0,
AGL020000721-CAYMUS,36.504936,-121.508191,-134903.3,-166933.4,2.6,0,
AGL020000721-PANZIERA,36.52008,-121.51796,-135750.1,-165236.6,7.0,0,
AGL020000721-RIVER 1,36.52008,-121.51799,-135752.8,-165236.6,5.51,0,
AGL020000721-WELL #1,36.50992,-121.51618,-135609.0,-166368.2,1.93,0,
AGL020000724-BINSACCA,36.38247,-121.349061,-120864.3,-180756.5,5.1,0,
AGL020000740-BODEGA 6,36.00891,-120.91984,-82814.0,-222724.4,0.8,0,
AGL020000740-DOM WELL,36.01104,-120.92171,-82980.0,-222486.1,0.5,0,
AGL020000740-LOT 18,36.006606,-120.918144,-82663.8,-222981.9,0.8,0,
AGL020000740-MIDDLE,36.010598,-120.921494,-82961.0,-222535.4,1.2,0,
AGL020000740-SOUTH,36.00888,-120.91977,-82807.7,-222727.8,0.4,0,
AGL020000758-CCGC_0488,36.34938,-121.22754,-110025.3,-184581.3,4.01,0,
AGL020000758-RANCH1_I,36.34887,-121.22632,-109916.7,-184639.4,3.46,0,
AGL020000758-RANCH1_I W2,36.34945,-121.27769,-114519.9,-184514.2,9.9,0,
AGL020000758-RANCH1_I W4,36.34881,-121.22634,-109918.5,-184646.1,8.0,0,
AGL020000762-CCGC_0513,36.33357,-121.20839,-108331.3,-186360.2,5.45,0,
AGL020000762-RANCH3_I,36.33077,-121.2075,-108255.5,-186672.3,9.5,0,
AGL020000763-FREW WELL,36.27806699,-121.2290635,-110264.5,-192503.6,21.12,1,
AGL020000763-WELL 1,36.27808,-121.2291,-110267.8,-192502.1,20.2,1,
AGL020000766-CCGC_0489,36.28891,-121.2182,-109274.5,-191311.4,43.52,1,
AGL020000766-RANCH4_I,36.294531,-121.208024,-108353.8,-190698.5,7.95,0,
AGL020000766-RANCH4_WELL 1,36.2963,-121.20975,-108506.1,-190499.9,11.2,1,
AGL020000766-RANCH4_WELL 2,36.29452,-121.20818,-108367.8,-190699.5,8.45,0,
AGL020000767-CCGC_0490,36.33562,-121.27403,-114212.5,-186055.3,23.25,1,
AGL020000767-PURARCH5_I,36.33518,-121.2743,-114237.4,-186103.9,17.68,1,
AGL020000769-WELL 1,36.2792834,-121.2265992,-110041.7,-192371.3,15.5,1,
AGL020000769-WELL 2,36.2948759,-121.2400746,-111227.9,-190623.0,9.0,0,
AGL020000778-WELL 1,36.3268447,-121.2565407,-112657.7,-187051.4,20.6,1,
AGL020000781-14 DOM,36.30739062,-121.2650498,-113449.4,-189202.9,58.43,1,
AGL020000781-OAK DOM,36.30929079,-121.2645922,-113405.5,-188992.3,40.13,1,
AGL020000781-WELL 1,36.30904629,-121.2651873,-113459.2,-189018.7,27.2,1,
AGL020000783-WELL 2,36.32776064,-121.2628965,-113226.1,-186942.0,17.02,1,
AGL020000783-WELL 3,36.33287169,-121.2616027,-113102.6,-186375.6,53.04,1,
AGL020000855-CAHOMER_I,36.6261,-121.52831,-136485.7,-153440.4,21.8,1,
AGL020000855-CCGC_0018,36.63263,-121.52436,-136121.3,-152720.4,99.0,1,
AGL020000876-IRRIG,36.8201304,-121.7066982,-152026.8,-131606.7,3.58,0,
AGL020000883-AG_BLAIRSC,36.36048,-121.27955,-114670.0,-183286.3,2.1,0,
AGL020000967-CCGC_0038,36.72735,-121.743267,-155473.5,-141857.9,0.8,0,
AGL020000967-LOT 2,36.72648,-121.74371,-155514.8,-141953.9,0.6,0,
AGL020000967-SPIEGEL_D,36.72737,-121.74323,-155470.1,-141855.8,0.65,0,
AGL020000967-SPIEGL DOM,36.7274,-121.74343,-155487.9,-141852.1,0.39,0,
AGL020000969-CCGC_0039,36.5117,-121.4692,-131404.3,-166236.5,1.7,0,
AGL020000969-VOSTI 1,36.51167,-121.46912,-131397.2,-166240.0,0.6,0,
AGL020000969-VOSTI DOM,36.5117,-121.46922,-131406.1,-166236.5,1.76,0,
AGL020000972-BROOME1AG,36.53852,-121.47883,-132219.0,-163242.8,0.9,0,
AGL020000972-BROOMEDOM,36.53879,-121.47401,-131787.7,-163219.6,55.15,1,
AGL020000972-CCGC_0032,36.5388,-121.474017,-131788.3,-163218.4,10.6,1,
AGL020000973-CCGC_0034,36.690333,-121.6335,-145755.8,-146145.9,3.7,0,
AGL020000973-DOM,36.690333,-121.6335,-145755.8,-146145.9,3.8,0,
AGL020000973-DOMESTIC,36.6903,-121.63348,-145754.0,-146149.6,3.35,0,
AGL020000973-LOT 10,36.69006,-121.63021,-145462.8,-146181.2,5.03,0,
AGL020000974-BLANCO1AG,36.67662,-121.69981,-151699.3,-147565.7,2.91,0,
AGL020000974-CCGC_0031,36.6766,-121.69975,-151693.9,-147568.0,1.6,0,
AGL020000974-DOM,36.6765,-121.6998,-151698.6,-147579.1,0.2,0,
AGL020000975-DOM,36.72107,-121.74612,-155740.7,-142551.1,0.2,0,
AGL020000977-DOM,36.7193,-121.75459,-156499.8,-142733.8,0.2,0,
AGL020000979-PISTAPUMP1,36.7561602,-121.6104056,-143571.0,-138865.8,9.55,0,
AGL020000979-PISTAPUMP3,36.7590059,-121.6090329,-143443.3,-138551.7,7.7,0,
AGL020000983-AG WELL,36.43732,-121.4666,-131299.6,-174505.3,0.3,0,
AGL020000984-WELL,36.41137,-121.34614,-120557.0,-177548.8,0.2,0,
AGL020000993-AG_WELL_S,36.62359,-121.55141,-138553.0,-153685.8,60.25,1,
AGL020000993-DOM_WELL,36.6227562,-121.5549613,-138871.7,-153773.3,1.1,0,
AGL020000993-WELL,36.6235443,-121.5514764,-138559.0,-153690.8,50.61,1,
AGL020001017-CCGC_0024,36.4631,-121.45561,-130271.8,-171655.8,5.0,0,
AGL020001017-RO AGWELL 1,36.46097,-121.45231,-129980.2,-171897.0,1.8,0,
AGL020001017-ROAGWELL1,36.460959,-121.45223,-129973.0,-171898.3,2.5,0,
AGL020001019-CCGC_0613,36.38427,-121.35753,-121620.1,-180545.6,14.2,1,
AGL020001019-SI AGWELL 1,36.38448,-121.35781,-121644.8,-180521.9,1.2,0,
AGL020001019-SI_AGWELL1,36.384531,-121.357771,-121641.3,-180516.3,0.6,0,
AGL020001043-GA AGWELL 1,36.456,-121.4431,-129164.3,-172461.9,10.1,1,
AGL020001046-CCGC_0025,36.44607,-121.43329,-128303.0,-173578.6,25.45,1,
AGL020001046-SO AGWELL 1,36.44675,-121.43345,-128316.2,-173502.8,19.0,1,
AGL020001046-SO_AGWELL1,36.44682,-121.433282,-128301.1,-173495.3,42.2,1,
AGL020001067-CKV DOM,36.01654,-120.92691,-83442.2,-221870.5,1.2,0,
AGL020001067-DOMESTIC WELL,36.01648,-120.92581,-83343.2,-221878.1,2.1,0,
AGL020001067-WELL #1,36.01608,-120.92687,-83439.1,-221921.6,2.55,0,
AGL020001067-WELL #1 ELECTRI,36.01619,-120.92582,-83344.4,-221910.3,1.55,0,
AGL020001067-WELL #2,36.0178,-120.92684,-83434.5,-221730.6,0.45,0,
AGL020001067-WELL #3,36.02092,-120.9305,-83760.6,-221380.7,6.4,0,
AGL020001070-CCGC_0483,36.34198,-121.20883,-108358.9,-185425.2,1.27,0,
AGL020001070-CCGC_0484,36.33614,-121.21587,-108998.2,-186066.0,8.37,0,
AGL020001070-WELL 2,36.34188,-121.20897,-108371.5,-185436.1,4.1,0,
AGL020001070-YARD,36.33609,-121.216,-109009.9,-186071.4,10.6,1,
AGL020001074-CCGC_0612,36.35643,-121.21383,-108786.5,-183813.8,0.75,0,
AGL020001074-MATHIAS_I,36.35374,-121.21346,-108757.1,-184113.1,1.95,0,
AGL020001095-NEW WELL,36.32352,-121.21188,-108658.5,-187472.9,5.05,0,
AGL020001095-WELL,36.32066,-121.208105,-108324.1,-187795.0,3.3,0,
AGL020001149-SPU NORTH WELL,36.37089,-121.30795,-117199.1,-182094.8,1.05,0,
AGL020001149-SPV DOM,36.36638,-121.31194,-117563.5,-182591.0,3.9,0,
AGL020001149-STE PHILIPPE SO,36.3639,-121.30795,-117209.8,-182871.5,9.3,0,
AGL020001153-LONE OAK WELL,36.4604,-121.45107,-129870.2,-171962.0,2.5,0,
AGL020001153-LONEOAK_W,36.46042,-121.45104,-129867.4,-171959.9,2.3,0,
AGL020001154-HUNTER1_DU,36.639393,-121.641481,-146565.9,-151794.3,1.4,0,
AGL020001155-DOC WELL,36.39967,-121.37697,-123336.7,-178809.3,2.5,0,
AGL020001155-DOCTORS WELL,36.39973,-121.37676,-123317.8,-178802.9,3.4,0,
AGL020001156-HOOK WELL,36.38776,-121.3627,-122077.7,-180151.2,3.2,0,
AGL020001156-SMITH WELL,36.36917,-121.36485,-122300.0,-182214.1,2.1,0,
AGL020001162-BRUN_AG,36.629435,-121.603182,-143165.2,-152959.4,16.35,1,
AGL020001162-BRUN_DOM,36.63052,-121.600478,-142921.7,-152842.9,7.8,0,
AGL020001166-ABRAMS1_AG,36.59595,-121.54517,-138045.8,-156766.4,3.24,0,
AGL020001166-ABRAMS_DOM,36.59567,-121.53961,-137549.6,-156805.6,3.71,0,
AGL020001171-FANBRO_AG1,36.52642,-121.44466,-129184.7,-164634.5,4.55,0,
AGL020001175-CLOSTER_AG,36.6144,-121.52605,-136304.8,-154743.8,67.55,1,
AGL020001178-HOUSE LOT 20,36.586296,-121.492043,-133316.7,-157915.3,16.9,1,
AGL020001178-JOHNSON WELL 4,36.585575,-121.500153,-134042.6,-157984.0,8.45,0,
AGL020001178-JOHNSON3_D,36.58657,-121.49129,-133249.0,-157885.9,8.35,0,
AGL020001178-J_WELL4,36.58563,-121.49988,-134018.1,-157978.2,7.1,0,
AGL020001183-JENSEN12_D,36.5878333,-121.5298833,-136694.8,-157690.6,0.25,0,
AGL020001183-JENSEN17_D,36.5931833,-121.52415,-136173.0,-157104.3,66.48,1,
AGL020001183-JENSEN3_AG,36.58636,-121.53068,-136768.6,-157853.1,0.2,0,
AGL020001189-S.NICHOLAS DOM,36.30081,-121.31477,-117918.1,-189873.4,1.1,0,
AGL020001189-S.NICHOLAS NORT,36.30739,-121.31417,-117854.2,-189143.0,1.3,0,
AGL020001189-S.NICHOLAS SOUT,36.30428,-121.31277,-117733.4,-189490.3,1.2,0,
AGL020001196-SALMINA_AG,36.39653,-121.33823,-119871.9,-179207.9,6.26,0,
AGL020001196-SALMINA_D,36.39843,-121.33862,-119903.9,-178996.3,5.55,0,
AGL020001200-THOMPSON_D,36.39425,-121.34525,-120504.3,-179452.3,6.7,0,
AGL020001200-THOMPSO_AG,36.39252,-121.34147,-120168.4,-179649.4,9.37,0,
AGL020001205-HOME_AG,36.39848,-121.34754,-120702.7,-178979.4,16.26,1,
AGL020001205-HOME_D2,36.39602,-121.350562,-120977.3,-179248.9,5.55,0,
AGL020001205-HOME_D4,36.39442,-121.35333,-121227.7,-179423.1,4.55,0,
AGL020001206-CCGC_0595,36.71759,-121.67172,-149112.3,-143057.4,10.3,1,
AGL020001206-REEVES DOM,36.72137,-121.66752,-148730.4,-142644.0,118.5,1,
AGL020001206-REEVES IRR,36.71824,-121.67804,-149674.7,-142975.2,7.7,0,
AGL020001206-REEVES PRIMARY,36.71818153,-121.6780434,-149675.1,-142981.7,2.9,0,
AGL020001207-RODDIC1_AG,36.39304,-121.36079,-121898.1,-179566.9,5.45,0,
AGL020001207-RODDIC2_AG,36.39521,-121.36546,-122313.0,-179319.8,2.3,0,
AGL020001207-RODDICK_D,36.39322,-121.36485,-122261.5,-179541.7,3.92,0,
AGL020001207-RODIC1_AG,36.39278,-121.36106,-121922.7,-179595.5,12.3,1,
AGL020001210-LANINI_AG1,36.41276,-121.37257,-122921.6,-177360.4,19.9,1,
AGL020001210-LANINI_AG2,36.40838,-121.37867,-123474.9,-177839.2,21.0,1,
AGL020001210-LANINI_DOM,36.41226,-121.372,-122871.3,-177416.7,27.1,1,
AGL020001211-FANOE_AG1,36.53431,-121.45657,-130236.2,-163741.5,16.7,1,
AGL020001211-FANOE_AG2,36.53523,-121.44613,-129301.2,-163653.5,3.0,0,
AGL020001213-CASACCA_D,36.40266,-121.3446,-120432.8,-178518.6,16.9,1,
AGL020001217-WELL N18,36.35912,-121.33584,-119716.4,-183367.8,2.8,0,
AGL020001217-WELL NN1,36.33639,-121.34539,-120608.1,-185881.4,0.2,0,
AGL020001217-WELL NN1-DOM,36.336866,-121.340276,-120148.9,-185835.0,0.05,0,
AGL020001221-BRAMERS_AG,36.6382167,-121.6467333,-147037.0,-151916.9,7.74,0,
AGL020001221-BRAMERS_D,36.6412667,-121.6456833,-146937.4,-151579.6,0.34,0,
AGL020001224-UPPER BINSACCA,36.386808,-121.344327,-120433.3,-180280.5,4.0,0,
AGL020001224-UP_BINS_AG,36.38683,-121.34438,-120438.0,-180277.9,3.74,0,
AGL020001225-#2HRDEN DUAL,36.706043,-121.676216,-149536.0,-144333.5,16.0,1,
AGL020001225-2HRDENDUAL,36.711139,-121.67592,-149499.6,-143767.7,6.35,0,
AGL020001225-HARDEN DOM,36.70602,-121.67624,-149538.2,-144336.1,90.25,1,
AGL020001225-HARD_IRR,36.70516,-121.67434,-149370.4,-144434.6,24.7,1,
AGL020001229-AW 1,36.62622,-121.65953,-148202.9,-153230.1,0.4,0,
AGL020001229-AW 2,36.623932,-121.651431,-147484.1,-153497.0,0.54,0,
AGL020001229-AW 4,36.62627,-121.6596,-148209.0,-153224.4,0.45,0,
AGL020001231-LUCHES_1DU,36.40735,-121.36849,-122564.9,-177966.9,12.4,1,
AGL020001231-LUCHES_2DU,36.41292,-121.36283,-122049.1,-177355.3,26.5,1,
AGL020001233-RIANDA3DOM,36.4099167,-121.3474833,-120679.6,-177708.6,13.77,1,
AGL020001233-RIANDA_2AG,36.41136,-121.35625,-121462.4,-177537.0,8.65,0,
AGL020001233-RIANDA_D1,36.40972,-121.34765,-120694.8,-177730.3,22.2,1,
AGL020001239-AW 1,36.654648,-121.71687,-153265.8,-149979.9,0.3,0,
AGL020001239-AW 2,36.661373,-121.730676,-154484.5,-149210.2,1.7,0,
AGL020001239-AW 3,36.662039,-121.729837,-154408.3,-149137.5,1.4,0,
AGL020001239-BUNGARD_3,36.661,-121.72989,-154415.1,-149252.9,0.9,0,
AGL020001239-DW,36.66206,-121.72981,-154405.8,-149135.2,7.5,0,
AGL020001246-#1MASSA IRR,36.723242,-121.679859,-149827.1,-142416.5,0.6,0,
AGL020001246-MASSA DOM,36.725003,-121.682043,-150018.4,-142217.4,25.4,1,
AGL020001246-MASSA IRR,36.723242,-121.679859,-149827.1,-142416.5,1.3,0,
AGL020001258-AW 1,36.64666667,-121.6644444,-148601.8,-150950.3,0.4,0,
AGL020001258-AW 2,36.64672,-121.66457,-148612.9,-150944.1,0.2,0,
AGL020001258-AW 3,36.65166667,-121.6625,-148418.5,-150397.7,0.05,0,
AGL020001261-ANDERSON_D,36.39069,-121.34734,-120697.1,-179845.3,1.38,0,
AGL020001261-ANDERSO_AG,36.39054,-121.3471,-120675.8,-179862.2,1.5,0,
AGL020001269-AW 1,36.63994,-121.61681,-144362.2,-151771.4,34.0,1,
AGL020001269-AW 2,36.642051,-121.622764,-144889.7,-151527.7,7.5,0,
AGL020001270-LINSTR_DOM,36.39405,-121.34962,-120896.0,-179469.0,1.45,0,
AGL020001272-VIO_HO_AG,36.39142,-121.35725,-121583.6,-179751.5,8.7,0,
AGL020001272-VIO_HO_DOM,36.39142,-121.35655,-121520.9,-179752.4,4.05,0,
AGL020001273-BALEMI_AG,36.39655,-121.35292,-121187.6,-179187.0,2.0,0,
AGL020001273-BALEMI_D3,36.39642,-121.35318,-121211.1,-179201.1,9.7,0,
AGL020001273-BALEMI_D6,36.39143,-121.35806,-121656.2,-179749.3,19.9,1,
AGL020001273-BALEMI_D8,36.39004,-121.35986,-121819.6,-179901.5,35.15,1,
AGL020001275-BARLOG1_AG,36.40701,-121.36956,-122661.3,-178003.3,7.7,0,
AGL020001275-BARLOGGI_D,36.40875,-121.3728,-122948.6,-177805.7,42.4,1,
AGL020001277-BASSI_AG2,36.52519,-121.45761,-130344.7,-164753.5,14.5,1,
AGL020001277-BASSI_DOM,36.52679,-121.44979,-129642.8,-164586.4,12.1,1,
AGL020001277-BASSI_DOM LOT 3,36.52509,-121.45899,-130468.3,-164762.7,4.3,0,
AGL020001278-BIANCO_AG,36.52675,-121.4681333,-131283.0,-164565.6,51.17,1,
AGL020001278-BIANCO_DOM,36.52675,-121.4682167,-131290.5,-164565.5,27.22,1,
AGL020001279-VAUGH_AG,36.3969,-121.3342,-119510.4,-179171.9,2.15,0,
AGL020001279-VAUGH_DOM,36.39695,-121.33448,-119535.4,-179165.9,8.55,0,
AGL020001281-TURRI3_DUA,36.58794,-121.48135,-132358.5,-157747.6,22.7,1,
AGL020001281-TURRI4_DUA,36.5909333,-121.4838333,-132575.2,-157411.5,11.42,1,
AGL020001283-MANN3_AG,36.59845,-121.53204,-136868.4,-156507.7,2.64,0,
AGL020001285-DAORO_DUAL,36.53127,-121.46664,-131141.7,-164065.4,64.15,1,
AGL020001286-SILACCI_AG,36.60587,-121.52551,-136271.8,-155692.5,28.75,1,
AGL020001286-SILACCI_D,36.608272,-121.521655,-135923.2,-155431.1,134.9,1,
AGL020001287-BINSAC_AG1,36.406022,-121.33617,-119672.5,-178155.7,24.55,1,
AGL020001290-RADAVE_3DU,36.38703,-121.35596,-121475.1,-180240.9,31.41,1,
AGL020001290-RADAV_1DOM,36.38961,-121.35268,-121177.1,-179958.5,14.5,1,
AGL020001290-RADAV_1DUA,36.39158,-121.35211,-121123.0,-179740.3,7.71,0,
AGL020001290-RADAV_6DOM,36.38476,-121.35697,-121569.1,-180491.9,62.52,1,
AGL020001292-NELSON_DOM,36.39217,-121.35107,-121028.9,-179676.0,2.35,0,
AGL020001293-FROLLI_AG,36.4058,-121.33745,-119787.5,-178178.8,10.26,1,
AGL020001293-FROLLI_DOM,36.4055667,-121.3376167,-119802.8,-178204.5,32.47,1,
AGL020001294-HILDAGO_D,36.39903,-121.34855,-120792.3,-178917.0,37.48,1,
AGL020001348-RES WELL,35.895,-120.9263889,-83527.2,-235374.1,0.85,0,
AGL020001354-R1-W1-AME,36.41054,-121.28269,-114876.2,-177719.9,2.75,0,
AGL020001360-WELL 2,36.290673,-121.192552,-106971.5,-191144.7,4.35,0,
AGL020001360-WELL 3,36.295451,-121.185819,-106360.9,-190621.4,25.45,1,
AGL020001372-#13 RIVER,36.3019,-121.1672,-104682.2,-189925.5,6.15,0,
AGL020001375-ALVES WELL,36.3609,-121.2305,-110273.9,-183297.8,25.15,1,
AGL020001377-10-W2-AME,36.301512,-121.238225,-111052.4,-189887.8,17.7,1,
AGL020001377-10-W3-DME-0063,36.301905,-121.237301,-110969.0,-189845.3,20.45,1,
AGL020001377-10W3_0063,36.30154,-121.23834,-111062.7,-189884.6,18.5,1,
AGL020001382-#16 MCCOY,36.3685,-121.2383,-110961.9,-182444.2,18.6,1,
AGL020001382-MCCOY DOM,36.3657,-121.2363,-110786.7,-182757.7,8.9,0,
AGL020001384-50-W1-AME,36.08774,-120.97826,-87983.0,-213913.4,1.6,0,
AGL020001384-50-W2-AME,36.08743,-120.97735,-87901.5,-213948.6,1.0,0,
AGL020001384-50-W3-AME,36.087663,-120.977101,-87878.9,-213923.0,1.4,0,
AGL020001387-21-W1-AME,36.275785,-121.233421,-110658.8,-192752.1,11.35,1,
AGL020001390-#19 OSHITA 421,36.411,-121.2882,-115368.9,-177662.0,15.15,1,
AGL020001390-DOM HSE/SHOP,36.4079,-121.2843,-115024.3,-178011.3,12.45,1,
AGL020001392-22-W1-AME,36.282282,-121.221673,-109595.5,-192043.8,3.35,0,
AGL020001398-32-W1-AME,36.275426,-121.18892,-106667.0,-192843.0,3.8,0,
AGL020001398-32-W2-DME-0062,36.27565,-121.18744,-106533.9,-192819.8,1.6,0,
AGL020001398-32W2_0062,36.27547,-121.18895,-106669.6,-192838.1,6.05,0,
AGL020001399-#24 OLD,36.5733,-121.46,-130476.1,-159404.0,20.0,1,
AGL020001399-PO DOM WELL,36.578,-121.4581,-130298.3,-158884.4,16.1,1,
AGL020001409-#23 #815,36.5831,-121.479,-132157.0,-158288.7,20.15,1,
AGL020001410-H2-W1-AMD,35.87492,-120.8814,-79491.7,-237643.5,1.1,0,
AGL020001410-H2-W3-DME-0386,35.887827,-120.904645,-81574.3,-236189.9,2.78,0,
AGL020001410-H2W3_0386,35.8878,-120.90468,-81577.5,-236192.8,6.85,0,
AGL020001426-CARMEL,36.48203,-121.36803,-122404.0,-169669.0,12.5,1,
AGL020001426-EL SEGUNDO,36.5053,-121.41598,-126655.3,-167020.2,49.55,1,
AGL020001426-MCCOY IRR,36.474587,-121.363811,-122038.4,-170501.5,9.25,0,
AGL020001426-SHOP,36.47454,-121.35879,-121589.2,-170513.2,13.9,1,
AGL020001463-WELL 1,36.62035,-121.50708,-134600.0,-154109.7,34.59,1,
AGL020001468-WELL,36.38483,-121.3582,-121679.2,-180482.5,2.55,0,
AGL020001469-WELL,36.45412,-121.44307,-129164.8,-172670.8,3.5,0,
AGL020001470-WELL,36.47233,-121.47327,-131836.3,-170605.7,11.63,1,
AGL020001472-WELL,36.43606,-121.42604,-127670.8,-174700.7,15.02,1,
AGL020001472-WELL 2,36.43604,-121.42618,-127683.4,-174702.7,16.4,1,
AGL020001514-AG_WELL_FS,36.6230365,-121.5001202,-133973.8,-153821.1,47.65,1,
AGL020001542-AG_CUCUNA,36.8130556,-121.715,-152780.4,-132379.6,8.76,0,
AGL020001610-WELL 17,36.73986,-121.67351,-149228.3,-140579.8,1.1,0,
AGL020001610-WELL 5,36.7403,-121.66287,-148278.8,-140547.6,13.5,1,
AGL020001612-WELL 14,36.60813,-121.49184,-133260.4,-155489.2,68.2,1,
AGL020001612-WELL 7,36.6043,-121.50191,-134166.6,-155900.6,43.8,1,
AGL020001613-WELL 9,36.6013,-121.4997,-133974.5,-156237.2,27.25,1,
AGL020001615-WELL 20,36.60484,-121.51685,-135500.1,-155819.4,3.0,0,
AGL020001616-WELL 22,36.6696,-121.58733,-141675.0,-148519.8,2.15,0,
AGL020001617-WELL 1,36.5951384,-121.6006748,-143005.7,-156774.4,2.5,0,
AGL020001617-WELL 21,36.5894407,-121.6028437,-143210.2,-157404.2,76.5,1,
AGL020001622-WELL 5,36.0578,-120.93275,-83922.8,-217281.2,8.3,0,
AGL020001730-AG_WELL,36.7610653,-121.6065734,-143220.2,-138326.5,12.15,1,
AGL020001733-AG_WELL,36.7524005,-121.6147695,-143967.1,-139277.0,8.55,0,
AGL020001733-DOM_WELL,36.7544982,-121.6097829,-143518.6,-139051.5,10.65,1,
AGL020001926-WATER4_I,36.60258,-121.52585,-136308.1,-156057.6,2.37,0,
AGL020001929-DOM_WELL,36.6371359,-121.5250479,-136174.6,-152218.7,51.9,1,
AGL020001929-WALTERS38,36.62856,-121.53414,-137001.9,-153158.6,6.55,0,
AGL020001929-WALTERS39,36.62902,-121.53669,-137228.7,-153103.8,4.2,0,
AGL020001929-WALTY31_I,36.6274287,-121.5297261,-136609.7,-153290.7,69.0,1,
AGL020001929-WALTY35_I,36.6285537,-121.5341239,-137000.4,-153159.4,5.52,0,
AGL020001930-HOMEH1_I,36.60196,-121.53081,-136752.2,-156119.4,10.87,1,
AGL020001931-BARD 1,36.6410223,-121.5423385,-137711.4,-151761.9,63.4,1,
AGL020001931-BARD 5,36.6374025,-121.5286421,-136495.1,-152183.9,68.27,1,
AGL020001931-BY,36.63025,-121.53959,-137485.5,-152962.9,8.4,0,
AGL020001971-WELL,36.544724,-121.531731,-136937.3,-162478.3,9.6,0,
AGL020002102-DOM_BERTEL,36.77547,-121.77309,-158032.9,-136461.2,45.1,1,
AGL020002105-AG_HAYMORE,36.73213,-121.69041,-150750.4,-141412.1,1.76,0,
AGL020002204-0489_D/I,36.81709,-121.69362,-150868.0,-131965.5,2.2,0,
AGL020002554-BH-1,36.20293,-121.11653,-100267.5,-200977.3,35.95,1,
AGL020002554-BH-2,36.20259,-121.12006,-100584.9,-201011.4,35.29,1,
AGL020002554-BH-D,36.20264,-121.12008,-100586.7,-201005.8,18.3,1,
AGL020002560-BE-1,36.19307,-121.08432,-97387.6,-202106.5,15.8,1,
AGL020002562-DP-2,36.19915,-121.11514,-100147.6,-201398.8,38.6,1,
AGL020002562-DP-D2,36.20041,-121.11533,-100163.0,-201258.6,11.7,1,
AGL020002564-JP-3,36.19258,-121.1058,-99317.4,-202138.6,6.0,0,
AGL020002565-CR-1,36.19112,-121.10207,-98984.3,-202304.7,15.44,1,
AGL020002565-CR-2,36.19138,-121.10384,-99142.9,-202274.0,2.65,0,
AGL020002565-CR-D,36.1914,-121.10246,-99018.9,-202273.2,9.22,0,
AGL020002568-LE-1,36.19143,-121.09132,-98018.4,-202281.5,6.7,0,
AGL020002568-LE-D,36.19433,-121.0924,-98111.7,-201958.1,5.32,0,
AGL020002571-MA-3,36.18073,-121.07991,-97007.2,-203482.1,1.29,0,
AGL020002571-MA-4,36.18072,-121.08363,-97341.3,-203479.4,1.55,0,
AGL020002572-TO-1,36.18202,-121.0713,-96232.2,-203347.5,33.5,1,
AGL020002572-TO-D2,36.18404,-121.07076,-96181.1,-203123.6,0.2,0,
AGL020002573-LA-1,36.18253,-121.06138,-95340.5,-203300.9,6.62,0,
AGL020002573-LA3,36.16638,-121.06694,-95860.1,-205089.7,6.85,0,
AGL020002574-WE-3,36.145,-121.04725,-94117.3,-207485.0,11.9,1,
AGL020002575-WW-1,36.10783,-121.02544,-92202.0,-211636.4,0.53,0,
AGL020002575-WW-D,36.10071,-121.0229,-91982.2,-212429.9,0.2,0,
AGL020002606-DOMESTIC,36.3874,-121.33919,-119972.2,-180221.2,2.4,0,
AGL020002606-NORTH WELL,36.38734,-121.33763,-119832.6,-180229.8,1.3,0,
AGL020002610-WELL 1,36.37149,-121.33832,-119919.2,-181990.2,10.1,1,
AGL020002612-DOM WELL,36.37716,-121.33005,-119169.4,-181370.6,10.3,1,
AGL020002612-LOWER WELL,36.37718,-121.32996,-119161.3,-181368.5,5.6,0,
AGL020002612-UPPER,36.37613,-121.33739,-119828.6,-181475.8,3.4,0,
AGL020002612-UPPER WELL,36.37611,-121.33741,-119830.5,-181478.0,4.85,0,
AGL020002613-LOWER,36.37268,-121.32547,-118766.1,-181874.1,6.2,0,
AGL020002614-DIESEL,36.37635,-121.32144,-118399.3,-181471.4,0.8,0,
AGL020002614-DOMESTIC,36.37744,-121.32219,-118464.8,-181349.3,1.5,0,
AGL020002614-LOWER,36.37447,-121.3168,-117986.5,-181686.0,0.69,0,
AGL020002616-LANINI,36.38632,-121.34101,-120137.0,-180338.9,7.2,0,
AGL020002618-METZ,36.39837,-121.25544,-112453.7,-179104.9,14.0,1,
AGL020002669-71906,36.53814,-121.48701,-132951.0,-163273.6,41.0,1,
AGL020002669-71907,36.49135,-121.49135,-133420.8,-168466.9,13.0,1,
AGL020002669-71908,36.52683,-121.474558,-131857.3,-164547.8,18.61,1,
AGL020002669-WELL 4,36.52957,-121.47481,-131875.1,-164243.0,23.9,1,
AGL020002679-R14 AG,36.31003,-121.21537,-108990.6,-188967.9,44.37,1,
AGL020002679-R14 DOM,36.31034,-121.21512,-108967.7,-188933.7,74.59,1,
AGL020002684-RANCH 13,36.31613,-121.21689,-109118.2,-188288.3,40.16,1,
AGL020002708-DOMESTIC,36.74189,-121.769651,-157796.1,-140198.6,0.43,0,
AGL020002748-AG WELL,36.28805,-121.21126,-108653.2,-191414.9,0.8,0,
AGL020002748-AG WELL 2,36.28791,-121.21156,-108680.3,-191430.1,2.6,0,
AGL020002748-DOM WELL,36.29074,-121.20632,-108206.3,-191121.7,22.9,1,
AGL020002749-AG WELL,36.31485,-121.23402,-110656.0,-188410.7,50.8,1,
AGL020002750-AG WELL,36.33228,-121.2225,-109598.1,-186487.3,0.2,0,
AGL020002750-AG WELL 3,36.33231,-121.22264,-109610.6,-186483.8,0.2,0,
AGL020002750-DOM WELL,36.33302,-121.22198,-109550.4,-186405.7,45.1,1,
AGL020002751-AG WELL,36.29826,-121.22136,-109544.6,-190268.8,8.6,0,
AGL020002751-DOM WELL,36.3001,-121.22517,-109883.6,-190059.9,41.7,1,
AGL020002752-AG WELL,36.29505,-121.23522,-110792.3,-190609.4,5.1,0,
AGL020002795-CCGC_0044,36.28595,-121.17496,-105400.1,-191689.2,78.74,1,
AGL020002795-GP P2 WELL,36.285948,-121.175752,-105471.1,-191688.6,46.8,1,
AGL020002795-GP P3 WELL,36.28592,-121.17738,-105617.2,-191689.9,6.45,0,
AGL020002802-CCGC_0048,36.51505,-121.46958,-131432.5,-165863.8,1.2,0,
AGL020002803-R3 P2 WELL,36.5065589434269,-121.471706170886,-131637.3,-166804.4,0.25,0,
AGL020002803-R3P1 WELL,36.50572,-121.472,-131665.0,-166897.2,0.55,0,
AGL020002803-R3P2 WELL,36.50567,-121.47187,-131653.5,-166902.9,0.4,0,
AGL020002804-R4 P1 WELL,36.52148,-121.46931,-131397.3,-165149.6,31.7,1,
AGL020002805-R6 P1 WELL,36.51569,-121.49168,-133407.8,-165761.8,0.2,0,
AGL020002807-CCGC_0049,36.48196,-121.44509,-129298.5,-169574.5,9.17,0,
AGL020002807-LANINI P3,36.48185,-121.44528,-129315.7,-169586.4,14.3,1,
AGL020002817-DOU P1 WELL,36.47574,-121.41332,-126466.4,-170308.5,26.3,1,
AGL020002817-DOU P2 WELL,36.4953,-121.4302,-127943.9,-168112.3,18.0,1,
AGL020002817-DOU P3 WELL,36.4591,-121.4263,-127655.6,-172140.1,0.05,0,
AGL020002817-DOU P4 WELL,36.5188,-121.4478,-129478.4,-165477.0,0.76,0,
AGL020002817-DOU P5 WELL,36.4959,-121.4286,-127799.8,-168047.8,2.1,0,
AGL020002817-DOUP1WELL,36.475918,-121.413211,-126456.3,-170288.9,25.41,1,
AGL020002818-HIBP1WELL,36.50031,-121.45798,-130420.3,-167517.7,0.5,0,
AGL020002820-CCGC_0045,36.51379,-121.48251,-132591.0,-165985.8,1.5,0,
AGL020002822-CCGC_0045,36.5172933355826,-121.484026908875,-132720.6,-165594.3,1.6,0,
AGL020002823-CCGC_0047,36.50906,-121.47563,-131983.9,-166521.0,0.41,0,
AGL020002823-SOMMERSP1,36.50899,-121.47615,-132030.5,-166528.0,0.85,0,
AGL020002825-CCGC_0046,36.50955,-121.48514,-132833.6,-166453.2,0.2,0,
AGL020002825-IKEDAP1,36.51025,-121.4847,-132793.0,-166376.1,0.7,0,
AGL020002827-CCGC_0043,36.29105,-121.17764,-105633.4,-191119.6,43.0,1,
AGL020002829-P1 WELL,36.32722,-121.19891,-107490.4,-187076.6,0.5,0,
AGL020002829-P2 WELL,36.318323,-121.199978,-107598.7,-188064.0,0.05,0,
AGL020002870-R1 W3,36.6237558,-121.6370506,-146200.3,-153538.8,0.7,0,
AGL020002870-R1 W4,36.6244089,-121.6270192,-145303.3,-153481.7,0.4,0,
AGL020002872-R2 W1,36.4332889,-121.4016028,-125487.7,-175041.3,33.41,1,
AGL020002872-R2_YARD1,36.431727,-121.405092,-125802.7,-175210.2,58.14,1,
AGL020002875-R3 W1,36.4389083,-121.4105083,-126275.7,-174405.0,32.78,1,
AGL020002876-R4N W3D,36.4906786,-121.452983,-129989.8,-168594.8,1.6,0,
AGL020002876-R4N W5,36.4873418,-121.4445062,-129237.1,-168977.2,6.05,0,
AGL020002876-VOSTI 4 W2,36.4929694,-121.4489778,-129627.6,-168345.8,2.0,0,
AGL020002876-VOSTI4YARD,36.5012856,-121.4440328,-129171.2,-167428.4,25.5,1,
AGL020002877-R5 W2,36.7079259,-121.7039851,-152009.3,-144080.1,0.65,0,
AGL020002878-R6 W1,36.5177735,-121.515508,-135534.9,-165496.5,7.02,0,
AGL020002878-R6_YARD,36.5091918,-121.5145283,-135462.6,-166451.5,5.92,0,
AGL020002878-R6_YARD2,36.5123754,-121.5096085,-135016.9,-166104.7,3.5,0,
AGL020002880-R7 W14,36.51218,-121.4267188,-127604.3,-166241.2,1.9,0,
AGL020002880-R7_P4,36.5136639,-121.4282694,-127740.5,-166074.3,6.24,0,
AGL020002880-R7_W4,36.5137386,-121.4283781,-127750.1,-166065.8,4.75,0,
AGL020002883-R9 W1,36.4509056,-121.438725,-128781.4,-173033.9,3.8,0,
AGL020002884-R10 W2,36.3428542,-121.3014677,-116661.0,-185218.1,0.7,0,
AGL020002884-R10_MYARD,36.3426011,-121.2999841,-116528.4,-185248.0,0.2,0,
AGL020002884-R10_W13,36.327097,-121.3064425,-117131.0,-186962.8,17.55,1,
AGL020002884-R10_W14,36.3270035,-121.3046072,-116966.7,-186975.5,2.1,0,
AGL020002884-THORNE_W1,36.32701,-121.304625,-116968.2,-186974.8,14.0,1,
AGL020002884-THORNE_W2,36.327104,-121.306419,-117128.9,-186962.1,21.5,1,
AGL020002884-THORNE_W3,36.327977,-121.3063621,-117122.5,-186865.2,12.6,1,
AGL020002885-CCGC_0019,36.41311,-121.38081,-123658.9,-177310.8,13.8,1,
AGL020002885-R11 W8,36.423333,-121.38615,-124120.5,-176167.9,17.94,1,
AGL020002885-R11_MYARD,36.4130111,-121.3802194,-123606.2,-177322.6,16.4,1,
AGL020002885-R11_W8,36.423264,-121.386127,-124118.5,-176175.6,17.7,1,
AGL020002886-R12 W1,36.6861184,-121.7115614,-152728.8,-146491.3,0.2,0,
AGL020002886-R12 W20,36.690108,-121.7073661,-152346.5,-146054.7,5.6,0,
AGL020002886-R12_W13,36.6793659,-121.7036542,-152036.8,-147254.4,0.55,0,
AGL020002886-YARD,36.6902524,-121.7071619,-152328.0,-146039.0,0.2,0,
AGL020002886-YARD CUNN,36.69015,-121.70751,-152359.3,-146049.8,3.4,0,
AGL020002888-R14-W4,36.6032926,-121.5371132,-137312.9,-155962.2,3.24,0,
AGL020002889-R15-D,36.6323352,-121.5865295,-141672.9,-152662.1,8.2,0,
AGL020002889-R15-W1,36.6287307,-121.5882096,-141829.6,-153060.2,51.4,1,
AGL020002889-R15-W4,36.6413618,-121.5896909,-141938.3,-151654.3,7.2,0,
AGL020002889-R15-W6,36.6427056,-121.5914472,-142092.6,-151502.3,0.98,0,
AGL020002892-AG_MARTIN1,36.56672,-121.56171,-139576.9,-159990.4,5.4,0,
AGL020002892-AG_MARTIN2,36.5753022,-121.5553002,-138988.4,-159046.1,3.8,0,
AGL020002892-MART_D_Y,36.5730197,-121.5752649,-140776.6,-159270.3,20.2,1,
AGL020002893-R17 W1,36.6306416,-121.6084998,-143637.8,-152817.3,7.68,0,
AGL020002893-R17-W7,36.6343236,-121.6136276,-144088.7,-152400.3,86.9,1,
AGL020002893-R17_MYARD,36.6379222,-121.6044128,-143259.2,-152014.4,25.8,1,
AGL020002894-AG_MORISO1,36.5281833,-121.4630667,-130827.5,-164413.4,0.9,0,
AGL020002895-R18 W1,36.5575578,-121.4722275,-131595.9,-161136.5,3.65,0,
AGL020002895-R18_P1,36.5576917,-121.4720333,-131578.3,-161121.9,5.04,0,
AGL020002897-R19 WD,36.7807962,-121.784604,-159047.9,-135850.1,0.2,0,
AGL020002897-R19-W1CSIP,36.7808107,-121.7846298,-159050.1,-135848.4,1.3,0,
AGL020002899-R21 W2,36.5972186,-121.6054257,-143426.2,-156536.0,1.99,0,
AGL020002899-R21_YARD1,36.5945562,-121.6127304,-144083.8,-156820.8,1.4,0,
AGL020002899-R21_YARD2,36.593835,-121.6029966,-143215.6,-156915.7,25.56,1,
AGL020002900-R22-W7,36.6767525,-121.5743614,-140504.4,-147744.3,32.3,1,
AGL020002900-R22-W8,36.6734111,-121.5743218,-140507.1,-148115.7,29.4,1,
AGL020002902-R24 W2,36.442477,-121.3529443,-121117.0,-174083.5,2.9,0,
AGL020002902-R24_YARD,36.4514132,-121.3532162,-121127.1,-173090.2,4.88,0,
AGL020002905-R26-YARD1,36.2384639,-121.1116694,-99784.7,-197034.2,13.4,1,
AGL020002963-AG_JCHIN1,36.6100333,-121.5615167,-139480.3,-155177.5,35.85,1,
AGL020002970-AG_DIAC1,36.613,-121.57305,-140505.0,-154830.8,4.65,0,
AGL020002973-AG_OLDSTA1,36.5548833,-121.4965,-133770.0,-161399.7,1.4,0,
AGL020002974-IW APPLE,35.790856,-120.625054,-56434.3,-247166.3,5.3,0,
AGL020002975-AG_NMART_1,36.57755,-121.5687833,-140189.1,-158776.5,1.7,0,
AGL020002975-NMAR WELL1,36.57787,-121.56731,-140056.9,-158743.1,2.1,0,
AGL020003041-AW 1,36.29892,-121.30064,-116653.8,-190100.9,0.2,0,
AGL020003041-AW 2,36.30045,-121.2986,-116468.5,-189933.4,0.2,0,
AGL020003041-AW 3,36.2954,-121.29633,-116272.6,-190497.3,1.95,0,
AGL020003041-DOM,36.30029,-121.29863,-116471.4,-189951.1,0.2,0,
AGL020003042-DOUD 1,36.28563,-121.27701,-114554.5,-191606.4,4.2,0,
AGL020003043-BAILEY_HILL_AG,36.284139,-121.300542,-116667.5,-191743.4,0.75,0,
AGL020003043-B_HILL_AG,36.28411,-121.30055,-116668.3,-191746.6,0.7,0,
AGL020003049-SPUSDAFD_I,36.62611,-121.53698,-137259.9,-153426.8,3.85,0,
AGL020003051-AF01-01DOM,36.53819,-121.51295,-135270.0,-163231.4,0.22,0,
AGL020003051-AF01-05WEL,36.5367126,-121.5081477,-134843.3,-163402.4,1.05,0,
AGL020003051-AF01-05WELL,36.5367314,-121.5081577,-134844.1,-163400.3,0.88,0,
AGL020003051-AF1-1,36.53112,-121.50833,-134869.4,-164023.6,1.15,0,
AGL020003053-AF 3-9,36.5518,-121.50589,-134614.8,-161729.0,5.6,0,
AGL020003053-AF03-09WELL,36.5518,-121.50585,-134611.2,-161729.1,3.6,0,
AGL020003063-AF11-11DOM,36.39933,-121.31335,-117639.1,-178927.9,63.6,1,
AGL020003063-AF11-12WEL,36.40001,-121.31356,-117656.9,-178852.1,65.45,1,
AGL020003063-AF11-12WELL,36.4000168,-121.3135514,-117656.1,-178851.3,51.1,1,
AGL020003063-AF11-30,36.4128344,-121.3154323,-117804.8,-177424.7,38.4,1,
AGL020003194-CCGC_0140,36.63848,-121.56117,-139397.3,-152016.9,0.9,0,
AGL020003194-CCGC_0141,36.63739,-121.55274,-138646.7,-152150.4,2.1,0,
AGL020003194-JFANOE11_I,36.636189,-121.547409,-138172.9,-152291.6,9.1,0,
AGL020003194-JMFANOE1_I,36.63913,-121.56002,-139293.5,-151946.3,3.17,0,
AGL020003194-WELL 11,36.63616,-121.54736,-138168.5,-152294.9,20.7,1,
AGL020003194-WELL 9,36.63909,-121.56005,-139296.2,-151950.7,2.85,0,
AGL020003200-CCGC_0030,36.40488,-121.35264,-121149.4,-178261.7,25.9,1,
AGL020003200-HOMER1_I,36.40487,-121.35262,-121147.6,-178262.9,22.3,1,
AGL020003246-WELL 1,36.687517,-121.575367,-140574.3,-146546.6,40.9,1,
AGL020003250-WELL 2,36.72785,-121.6097,-143561.5,-142013.0,10.15,1,
AGL020003311-GV DOM,36.32427,-121.27577,-114385.5,-187314.4,0.2,0,
AGL020003311-GV1,36.32111,-121.2761,-114419.8,-187665.1,8.85,0,
AGL020003314-GV5,36.31646,-121.27752,-114554.0,-188180.1,5.95,0,
AGL020003316-GV6,36.31765,-121.27331,-114174.8,-188053.0,13.3,1,
AGL020003318-GV8,36.29925,-121.27883,-114697.3,-190090.8,12.45,1,
AGL020003319-GV9 WELL 1,36.30507,-121.2748,-114327.2,-189449.0,16.6,1,
AGL020003319-GV9 WELL 2,36.30848,-121.27597,-114427.0,-189068.7,4.3,0,
AGL020003319-GV9-1,36.3083948,-121.275857,-114417.0,-189078.3,4.9,0,
AGL020003319-GV9-2,36.3050367,-121.274675,-114316.0,-189452.9,32.85,1,
AGL020003319-GV92S,36.305102,-121.274699,-114318.1,-189445.6,48.1,1,
AGL020003320-GV10,36.32368,-121.27022,-113888.7,-187386.7,13.75,1,
AGL020003324-DOM WELL,36.34618,-121.29555,-116125.5,-184855.8,0.2,0,
AGL020003324-WELL 1,36.33222222,-121.2905556,-115699.0,-186412.9,0.28,0,
AGL020003324-WELL 2,36.33277778,-121.2611111,-113058.6,-186386.6,0.3,0,
AGL020003324-WELL 3,36.345,-121.2858333,-115256.4,-184998.8,0.25,0,
AGL020003324-WELL 4,36.34605,-121.29539,-116111.4,-184870.4,0.25,0,
AGL020003324-WELL 5,36.35138889,-121.2816667,-114873.4,-184293.9,0.4,0,
AGL020003324-WELL 6,36.35611111,-121.2986111,-116384.8,-183748.5,0.4,0,
AGL020003361-WELL 4,36.10918,-121.0263,-92277.7,-211485.5,2.8,0,
AGL020003367-A-1,36.27617,-121.23499,-110799.0,-192707.5,11.7,1,
AGL020003371-M-D,36.20783,-121.16887,-104960.8,-200376.2,39.1,1,
AGL020003372-R-1,36.306833,-121.22255,-109639.0,-189314.8,14.69,1,
AGL020003372-R-D,36.306683,-121.2228,-109661.6,-189331.2,18.01,1,
AGL020003374-PRIMARY,35.88189,-120.70185,-63293.0,-237004.4,2.4,0,
AGL020003375-H-1,36.22454,-121.18078,-106007.1,-198506.3,26.8,1,
AGL020003375-H-D,36.22099,-121.17596,-105579.3,-198906.1,8.96,0,
AGL020003487-AG_LYONS1,36.756585,-121.729,-154142.0,-138632.4,0.32,0,
AGL020003492-PUMP 1 GIACOMAZ,36.333,-121.22191,-109544.1,-186408.0,44.7,1,
AGL020003494-CCGC_0129,36.77912,-121.58981,-141692.2,-136345.3,0.2,0,
AGL020003494-WELL 1,36.7783957,-121.5940491,-142071.4,-136419.4,2.8,0,
AGL020003494-WELL 2,36.7797,-121.59277,-141955.0,-136276.4,3.0,0,
AGL020003494-WELL3_DUAL,36.779154,-121.589838,-141694.7,-136341.5,0.05,0,
AGL020003526-HOME AW 1,36.3858333,-121.3291667,-119076.8,-180407.9,0.55,0,
AGL020003526-HOME AW 2,36.3919444,-121.3275,-118918.0,-179730.9,5.5,0,
AGL020003526-HOME AW 3,36.39365,-121.32515,-118704.8,-179544.4,7.4,0,
AGL020003526-HOME DW,36.39464,-121.33119,-119244.3,-179426.8,13.35,1,
AGL020003526-HOME DW 2,36.38649,-121.32964,-119118.2,-180334.3,0.8,0,
AGL020003530-LC_AGWELL1,36.40547,-121.32361,-118548.5,-178232.9,73.3,1,
AGL020003530-LC_AGWELL2,36.404317,-121.320481,-118270.1,-178364.9,69.3,1,
AGL020003530-LOS COCHES AW 1,36.4052778,-121.3236111,-118548.9,-178254.2,66.3,1,
AGL020003530-LOS COCHES AW 2,36.4041667,-121.3202778,-118252.1,-178381.8,68.6,1,
AGL020003532-JOHNSON AW 1,36.383333,-121.3308333,-119230.0,-180683.6,10.7,1,
AGL020003532-JOHNSON AW 2,36.3852776,-121.3313889,-119276.7,-180466.9,6.1,0,
AGL020003532-JOHNSON AW 3,36.394656,-121.331225,-119247.4,-179425.0,0.8,0,
AGL020003532-JOHNSON DW 1,36.383638,-121.33078,-119224.7,-180649.8,9.9,0,
AGL020003532-JOHNSON DW 2,36.3925,-121.3341667,-119514.3,-179660.8,6.1,0,
AGL020003532-JOHN_AG2,36.3855,-121.33146,-119282.7,-180442.1,1.0,0,
AGL020003532-JOHN_DW1,36.38366,-121.3309,-119235.4,-180647.2,7.6,0,
AGL020003532-JOHN_DW2,36.392609,-121.334237,-119520.4,-179648.6,10.5,1,
AGL020003533-ALBERTONI AW 1,36.3825,-121.3225,-118484.7,-180786.7,1.6,0,
AGL020003533-ALBERTONI AW 2,36.3822222,-121.3291667,-119082.4,-180809.2,7.7,0,
AGL020003533-ALBERTONI DW,36.3822222,-121.3283333,-119007.7,-180810.2,14.9,1,
AGL020003533-ALBERT_AG2,36.38234,-121.32926,-119090.6,-180796.0,12.9,1,
AGL020003533-ALBERT_DOM,36.38229,-121.3284,-119013.6,-180802.6,8.25,0,
AGL020003534-ZABALA AW 1,36.323889,-121.3141667,-117828.5,-187309.7,26.05,1,
AGL020003534-ZABALA AW 2,36.3319444,-121.3211111,-118438.6,-186406.0,3.5,0,
AGL020003534-ZABALA AW 3,36.3277778,-121.3152778,-117922.1,-186876.2,59.5,1,
AGL020003534-ZABALA AW3,36.32795,-121.31541,-117933.7,-186856.9,48.6,1,
AGL020003534-ZABALA DW,36.32726,-121.31692,-118070.1,-186931.7,65.1,1,
AGL020003537-SKY RCH AW 1,36.3175,-121.3119444,-117639.1,-188022.4,2.9,0,
AGL020003537-SKY RCH AW 2,36.3194444,-121.3138889,-117810.4,-187803.9,19.1,1,
AGL020003537-SKY RCH DW,36.31965,-121.31334,-117760.9,-187781.8,0.4,0,
AGL020003537-SKYR_AG2,36.31963,-121.31401,-117821.0,-187783.2,16.1,1,
AGL020003542-CLARK DW,36.3687,-121.3214,-118407.6,-182321.5,7.5,0,
AGL020003637-AGSO_WELL1,36.5730197,-121.5752649,-140776.6,-159270.3,2.8,0,
AGL020003637-AG_WELL1,36.7134833,-121.6687667,-148857.0,-143518.4,4.5,0,
AGL020003640-WELL_1,36.71377,-121.6681,-148797.0,-143487.6,2.4,0,
AGL020003644-AG_BLANCO,36.67381,-121.69422,-151206.0,-147886.9,2.35,0,
AGL020003654-AG_BORAND5,36.69653,-121.67963,-149859.3,-145385.3,2.9,0,
AGL020003658-SHULTZ_AG,36.73341667,-121.74575,-155682.5,-141179.7,3.7,0,
AGL020003659-AG_FERRAS1,36.64904,-121.66107,-148296.0,-150691.8,0.65,0,
AGL020003660-GULARTE_I,36.75381,-121.67379,-149225.9,-139029.1,19.4,1,
AGL020003661-AG_HUNT10,36.645797,-121.6360722,-146070.7,-151091.0,15.5,1,
AGL020003661-AG_HUNT8,36.6514779,-121.6416201,-146555.0,-150451.1,1.6,0,
AGL020003661-AG_HUNT_18,36.6465,-121.63665,-146120.9,-151012.0,15.0,1,
AGL020003661-WELL_1,36.64621,-121.65323,-147601.6,-151018.5,1.1,0,
AGL020003665-WELL 26,36.18031,-121.11687,-100327.6,-203490.3,2.2,0,
AGL020003665-WELL 3,36.1894444,-121.1272222,-101245.5,-202464.4,3.52,0,
AGL020003665-WELL 9,36.178611,-121.1113889,-99837.5,-203684.9,5.98,0,
AGL020003665-WELL 97,36.14974,-121.09322,-98242.4,-206911.7,5.8,0,
AGL020003691-AG_JACOB,36.6489333,-121.7010333,-151863.6,-150640.4,1.6,0,
AGL020003691-JACOP_AG1,36.64892,-121.70104,-151864.2,-150641.9,0.85,0,
AGL020003694-AG_DOLAN,36.6644,-121.6875333,-150627.9,-148943.2,0.29,0,
AGL020003694-LAURI_AG_2,36.6671,-121.69104,-150935.5,-148637.6,0.35,0,
AGL020003699-BLUE_IRR,36.60955,-121.60985,-143798.1,-155159.0,1.1,0,
AGL020003699-CCGC_0133,36.6009,-121.60335,-143233.9,-156130.1,4.04,0,
AGL020003699-CCGC_0184,36.60604,-121.60017,-142940.2,-155563.7,2.01,0,
AGL020003699-CCGC_0185,36.5961,-121.60171,-143096.4,-156665.9,2.03,0,
AGL020003705-WELL_1,36.74791,-121.77464,-158228.4,-139521.3,0.1,0,
AGL020003706-CCGC_0135,36.60361,-121.60947,-143775.4,-155819.7,3.38,0,
AGL020003706-GRYWELL_I,36.60352,-121.60892,-143726.5,-155830.5,1.64,0,
AGL020003714-SLV #1,36.090002,-120.983502,-88451.8,-213657.1,16.4,1,
AGL020003714-SLV #2,36.090047,-120.983152,-88420.3,-213652.5,5.0,0,
AGL020003714-SLV #3,36.089878,-120.982209,-88335.7,-213672.1,3.8,0,
AGL020003714-SLV #5,36.089585,-120.980914,-88219.6,-213705.9,2.2,0,
AGL020003722-AG SHOP,36.30615,-121.28311,-115070.8,-189319.0,1.7,0,
AGL020003722-AG_BLK6,36.3008,-121.28249,-115023.2,-189914.2,13.3,1,
AGL020003722-AG_BLK_4_5,36.30128,-121.2939,-116045.8,-189846.9,0.28,0,
AGL020003722-AG_PUMP9,36.2962654,-121.2824269,-115024.4,-190418.1,1.08,0,
AGL020003722-AG_SHOP,36.30617,-121.28299,-115060.0,-189316.9,1.68,0,
AGL020003724-WELL 19,36.25576,-121.1783,-105741.4,-195040.1,14.9,1,
AGL020003751-AG WELL,36.3787,-121.34158,-120200.0,-181184.9,4.0,0,
AGL020003751-DOM WELL,36.36615,-121.35151,-121109.5,-182566.8,2.8,0,
AGL020003751-DUAL WELL,36.38106,-121.34898,-120859.2,-180913.2,3.35,0,
AGL020003751-RANCH 8,36.381099,-121.348956,-120857.0,-180908.9,3.61,0,
AGL020003752-AG WELL,36.30914,-121.31403,-117838.9,-188948.7,3.0,0,
AGL020003754-AG WELL,36.29544,-121.24038,-111254.5,-190560.0,5.34,0,
AGL020003756-AG WELL,36.29835,-121.26093,-113093.3,-190212.3,11.8,1,
AGL020003757-AG WELL,36.30259,-121.27353,-114217.0,-189726.1,70.87,1,
AGL020003758-AG WELL,36.31171,-121.26797,-113704.8,-188719.4,15.67,1,
AGL020003759-AG WELL,36.30686,-121.2333,-110603.0,-189299.3,25.5,1,
AGL020003760-AG WELL,35.86834,-120.87037,-78503.6,-238383.7,4.0,0,
AGL020003760-DOM WELL,35.86758,-120.86826,-78314.1,-238469.9,8.15,0,
AGL020003761-LANDLORD,36.43492,-121.40975,-126214.4,-174849.2,7.2,0,
AGL020003761-NEW AG,36.43555,-121.41173,-126390.6,-174776.5,6.2,0,
AGL020003761-NEW HOUSE,36.42721,-121.41899,-127054.4,-175693.6,1.0,0,
AGL020003761-OLD AG,36.43765,-121.4151,-126688.8,-174538.7,55.84,1,
AGL020003761-OLD DOM,36.43709,-121.41861,-127004.0,-174596.2,14.13,1,
AGL020003762-AG WELL,36.00663,-120.91818,-82667.0,-222979.2,1.15,0,
AGL020003763-AG WELL,35.8683,-120.87031,-78498.3,-238388.2,7.41,0,
AGL020003766-AG WELL,36.38968,-121.2514,-112104.6,-180075.3,4.5,0,
AGL020003766-DOM WELL,36.39049,-121.25149,-112111.5,-179985.2,2.2,0,
AGL020003767-AG WELL,36.41887,-121.29319,-115803.8,-176781.4,2.48,0,
AGL020003768-AG WELL,36.42102,-121.306,-116947.6,-176526.8,6.02,0,
AGL020003768-DOM WELL,36.41686,-121.30363,-116741.7,-176992.0,6.05,0,
AGL020003769-AG WELL,35.97952,-120.87597,-78894.6,-226027.1,13.1,1,
AGL020003769-DOM WELL,35.97903,-120.8714,-78483.5,-226085.4,46.8,1,
AGL020003778-P1,36.6446,-121.68534,-150471.3,-151147.0,0.85,0,
AGL020003778-P2,36.6420884,-121.6794765,-149952.8,-151435.4,2.35,0,
AGL020003778-WELL,36.641989,-121.679424,-149948.3,-151446.5,1.86,0,
AGL020003778-WELL 1,36.6445926,-121.6853505,-150472.2,-151147.8,1.84,0,
AGL020003780-WELL,36.66208,-121.68797,-150671.5,-149200.3,0.2,0,
AGL020003788-WELL,36.33321,-121.25176,-112219.7,-186349.7,23.35,1,
AGL020003788-WELL 1,36.33626,-121.26393,-113306.2,-185996.3,34.45,1,
AGL020003788-WELL 2,36.34121,-121.26165,-113094.5,-185449.0,23.89,1,
AGL020003793-DOM,36.65889,-121.73586,-154952.3,-149477.6,1.54,0,
AGL020003793-WELL,36.66373,-121.73282,-154671.1,-148944.8,0.45,0,
AGL020003797-WELL,36.3331,-121.25175,-112219.0,-186362.0,29.82,1,
AGL020003810-CCGC_0108,36.6410481,-121.7022699,-151989.7,-151514.7,0.35,0,
AGL020003810-CCGC_0109,36.644991,-121.7172772,-153321.6,-151052.3,0.34,0,
AGL020003810-JACKS_IRR,36.6504116,-121.7162222,-153216.5,-150451.7,0.2,0,
AGL020003812-WELL,36.67132,-121.68202,-150122.2,-148183.0,5.65,0,
AGL020003815-HOME_BM,36.63073,-121.7093,-152638.0,-152649.9,0.6,0,
AGL020003815-HOME_KG,36.6303927,-121.7042768,-152190.2,-152695.5,0.5,0,
AGL020003815-HOME_SM,36.63215,-121.71661,-153287.9,-152480.4,1.35,0,
AGL020003816-TORO_IRR1,36.6290213,-121.6797071,-149999.1,-152887.1,1.7,0,
AGL020003818-CCGC_0111,36.6340279,-121.6278835,-145362.1,-152411.4,3.1,0,
AGL020003818-SPRECKLES_5,36.63766,-121.63368,-145872.7,-151998.9,2.3,0,
AGL020003818-SPRECKLE_5,36.6377197,-121.6337267,-145876.8,-151992.2,12.5,1,
AGL020003819-WELL,36.68249,-121.63396,-145811.8,-147016.7,11.6,1,
AGL020003831-CLAUSEN1_I,36.06881,-120.93909,-84481.1,-216052.2,4.85,0,
AGL020003831-CLAUSEN_D,36.07023,-120.93847,-84423.7,-215895.0,12.1,1,
AGL020003834-WELL,36.77862,-121.70027,-151537.0,-136230.0,5.15,0,
AGL020003834-WEST_WELL,36.77508,-121.71388,-152757.0,-136601.6,0.7,0,
AGL020003867-CCGC_0145,36.4800893,-121.4786501,-132304.2,-169736.0,4.45,0,
AGL020003867-OMO_IRR1,36.4809358,-121.480645,-132481.2,-169639.2,17.35,1,
AGL020003874-CCGC_0144,36.393956,-121.276606,-114356.1,-179570.0,0.3,0,
AGL020003874-COCPMP10_I,36.393213,-121.3056396,-116957.9,-179617.2,44.08,1,
AGL020003880-MFMOLE2_I,36.7341485,-121.7701415,-157855.9,-141058.0,1.09,0,
AGL020003880-MFMOLE4_I,36.7340133,-121.7701744,-157859.1,-141073.0,0.4,0,
AGL020003888-WELL,36.68456,-121.64658,-146933.9,-146767.2,7.0,0,
AGL020003896-WELL,36.6902,-121.6453,-146808.8,-146142.4,4.8,0,
AGL020003903-WELL 1,36.65196,-121.69824,-151608.2,-150308.5,0.2,0,
AGL020003903-WELL 2,36.658731,-121.7073392,-152406.9,-149541.5,0.25,0,
AGL020003916-AIRPUMP2_I,36.6465042,-121.610488,-143785.4,-151051.5,12.46,1,
AGL020003916-AIRPUMP_1,36.6497849,-121.6074528,-143508.2,-150691.5,38.35,1,
AGL020003916-AIRPUMP_I,36.6465,-121.61051,-143787.3,-151052.0,16.1,1,
AGL020003916-CCGC_0146,36.6451863,-121.6102309,-143764.9,-151198.4,13.15,1,
AGL020003917-WELL,36.677406,-121.726011,-154035.7,-147436.1,0.81,0,
AGL020003927-CCGC_0107,36.655455,-121.5874824,-141715.0,-150091.5,76.8,1,
AGL020003927-NORTON_PUMP3,36.65543,-121.59648,-142518.1,-150080.8,3.0,0,
AGL020003927-NORT_PUMP1,36.6549233,-121.5876339,-141729.5,-150150.4,14.8,1,
AGL020003934-CCGC_0110,36.6501464,-121.6950993,-151331.5,-150515.1,0.2,0,
AGL020003986-DOMESTIC,36.18991,-121.07833,-96853.6,-202463.7,17.94,1,
AGL020003986-WELL 3,36.18746,-121.08615,-97559.1,-202727.9,3.59,0,
AGL020003987-DOMESTIC,36.33532,-121.24995,-112054.4,-186117.4,30.7,1,
AGL020003987-WELL 1,36.33787,-121.24463,-111573.8,-185840.3,60.25,1,
AGL020003987-WELL 2,36.33002,-121.24316,-111453.4,-186714.3,48.68,1,
AGL020003987-WELL 3,36.33784,-121.25267,-112294.5,-185834.2,30.8,1,
AGL020003988-DOMESTIC,36.08959,-120.96655,-86927.8,-213718.6,16.65,1,
AGL020003988-WELL 2,36.0895,-120.96601,-86879.3,-213729.1,18.4,1,
AGL020003990-DOMESTIC,36.13467,-121.03907,-93394.8,-208640.9,7.3,0,
AGL020003990-WELL 5,36.13495,-121.03873,-93363.9,-208610.1,17.4,1,
AGL020004005-HANS_CORNE,36.67787,-121.58435,-141393.7,-147605.3,56.3,1,
AGL020004005-HANS_HOME,36.67817,-121.58338,-141306.6,-147573.4,31.59,1,
AGL020004005-HANS_NEW,36.67757,-121.57877,-140896.3,-147646.9,14.21,1,
AGL020004005-JACKS_ORG,36.68292,-121.5928,-142138.3,-147031.4,20.96,1,
AGL020004005-JACKS_VAR,36.67986,-121.58688,-141615.8,-147380.3,13.64,1,
AGL020004022-CCGC_0007,36.6308,-121.540333,-137550.8,-152900.8,20.76,1,
AGL020004022-GABILAN W1,36.63127,-121.54259,-137751.5,-152845.2,7.0,0,
AGL020004022-GABILAN W2,36.63077,-121.54055,-137570.2,-152903.8,20.35,1,
AGL020004036-HARRIS_ESP,36.62334,-121.536565,-137227.8,-153735.2,3.1,0,
AGL020004043-CCGC_0009,36.635133,-121.5614,-139424.0,-152388.5,10.11,1,
AGL020004043-HARRISHESS,36.63446,-121.56155,-139438.6,-152463.0,50.3,1,
AGL020004043-HARRIS_HESS,36.63433,-121.56137,-139422.8,-152477.7,37.0,1,
AGL020004043-HESS_DOM,36.63514,-121.5615,-139432.9,-152387.5,0.2,0,
AGL020004048-CCGC_0010,36.62735,-121.62755,-145345.1,-153154.0,15.57,1,
AGL020004048-HARRIS_PAS,36.62257,-121.61685,-144398.7,-153701.5,3.05,0,
AGL020004048-PASCO DOM,36.62754,-121.62769,-145357.2,-153132.7,7.6,0,
AGL020004052-CCGC_0012,36.6789,-121.714,-152960.9,-147289.5,0.0,0,
AGL020004052-HARRIS_SCHWEEN,36.68545,-121.71116,-152694.4,-146566.3,2.1,0,
AGL020004052-SCHWEEN_D,36.67929,-121.71459,-153012.8,-147245.3,0.45,0,
AGL020004052-SH_P2_AG,36.67896,-121.71466,-153019.7,-147281.8,0.2,0,
AGL020004056-HARRIS_WHALE,36.69723,-121.74097,-155330.1,-145208.8,0.1,0,
AGL020004056-WHALE,36.69751,-121.741,-155332.2,-145177.6,2.2,0,
AGL020004057-HOME_1,36.64031,-121.56126,-139402.0,-151813.4,15.16,1,
AGL020004057-HOME_2,36.64009,-121.56148,-139422.0,-151837.5,21.05,1,
AGL020004057-HOME_DOM,36.63843,-121.5632,-139578.7,-152019.4,204.09,1,
AGL020004061-GARCIA_1,36.64418,-121.56769,-139969.0,-151373.8,5.25,0,
AGL020004064-CCGC_0011,36.34095,-121.271633,-113989.7,-185466.0,23.49,1,
AGL020004064-HARRIS_PHI,36.34773,-121.27654,-114419.4,-184706.7,13.1,1,
AGL020004064-PHILL_DOM,36.341,-121.27171,-113996.5,-185460.3,20.9,1,
AGL020004065-CCGC_0006,36.346033,-121.268367,-113689.4,-184905.1,45.13,1,
AGL020004065-CLARK DOM,36.346,-121.26843,-113695.1,-184908.7,51.95,1,
AGL020004065-HARRIS_CLA,36.34929,-121.2658,-113454.5,-184546.2,21.55,1,
AGL020004067-ZABALA_1,36.64535,-121.5671,-139914.1,-151244.7,16.25,1,
AGL020004068-CCGC_0008,36.356367,-121.269417,-113768.1,-183755.5,81.91,1,
AGL020004068-HANDDOM,36.35604,-121.26932,-113759.9,-183792.0,77.45,1,
AGL020004068-HANDL_DOM,36.35546,-121.26943,-113770.6,-183856.3,58.3,1,
AGL020004068-HARRISHAND,36.3563,-121.26891,-113722.8,-183763.6,46.48,1,
AGL020004068-HARRIS_HAND,36.35615,-121.26878,-113711.4,-183780.4,48.5,1,
AGL020004069-HARRISSYUKI,36.52635,-121.49694,-133859.4,-164569.8,0.6,0,
AGL020004069-HARRISYUKI,36.52636,-121.49685,-133851.4,-164568.8,0.62,0,
AGL020004069-HARRIS_YUKI,36.53215,-121.49567,-133735.7,-163927.1,0.6,0,
AGL020004069-YUKI_DOM,36.53303,-121.49427,-133609.0,-163831.3,45.0,1,
AGL020004072-VIOLINI 22,36.60263,-121.61388,-144171.2,-155921.9,2.0,0,
AGL020004072-VIOLOT3_I,36.60178,-121.61538,-144306.8,-156014.0,47.5,1,
AGL020004072-VIOLOT8_I,36.60251,-121.61375,-144159.8,-155935.4,7.4,0,
AGL020004084-CCGC0638 DOM,36.47784,-121.39808,-125099.3,-170095.3,158.0,1,
AGL020004084-NEW WELL,36.4755,-121.40052,-125321.5,-170352.2,18.7,1,
AGL020004084-WELL 2,36.47546,-121.40048,-125318.0,-170356.6,15.5,1,
AGL020004087-AG WELL,35.89169,-120.92473,-83381.2,-235743.2,0.18,0,
AGL020004087-DUAL WELL,35.89054,-120.92289,-83216.6,-235872.6,0.2,0,
AGL020004087-WELL,35.890526,-120.92288,-83215.7,-235874.2,0.12,0,
AGL020004124-WELL #1,36.78713,-121.73161,-154312.6,-135233.8,4.9,0,
AGL020004124-WELL 1,36.78714,-121.73164,-154315.3,-135232.6,2.25,0,
AGL020004124-WELL 2,36.785508,-121.735793,-154688.6,-135407.2,0.81,0,
AGL020004130-WELL 1,36.76611,-121.72052,-153366.8,-137587.7,10.3,1,
AGL020004136-WELL 1,36.75851,-121.72409,-153700.4,-138426.5,0.6,0,
AGL020004147-UCHIDA,36.6196667,-121.5102,-134879.9,-154181.2,37.16,1,
AGL020004147-WELL,36.61941,-121.5111,-134960.7,-154208.5,40.6,1,
AGL020004151-SUGARLOAF1,36.76125,-121.6072667,-143281.6,-138305.0,8.01,0,
AGL020004153-WELL 1,36.37255,-121.29497,-116033.5,-181926.3,2.04,0,
AGL020004154-CCGC_0587,36.717885,-121.618702,-144383.2,-143106.7,8.62,0,
AGL020004154-CHRIST8_AG,36.717469,-121.622176,-144693.8,-143147.7,19.6,1,
AGL020004154-CHRISTL1_I,36.7174,-121.62213,-144689.9,-143155.4,16.61,1,
AGL020004154-CHRISTL7_I,36.72025,-121.615,-144048.6,-142849.5,23.49,1,
AGL020004155-HARDEN 10,36.71797,-121.63151,-145525.4,-143077.7,17.65,1,
AGL020004155-HARDL15_I,36.71797,-121.63154,-145528.0,-143077.6,20.54,1,
AGL020004156-CCGC_0122,36.58895,-121.54105,-137690.4,-157550.3,22.44,1,
AGL020004156-JUANITA 11,36.58338,-121.54616,-138157.1,-158161.8,14.4,1,
AGL020004156-JUANITA 12,36.58357,-121.54064,-137663.5,-158148.7,5.4,0,
AGL020004156-JUANITA 14,36.58888,-121.54108,-137693.2,-157558.0,23.8,1,
AGL020004156-JUANITA 24,36.58324,-121.546449,-138183.1,-158177.0,10.4,1,
AGL020004156-JUANL10_I,36.58358,-121.54065,-137664.4,-158147.6,7.7,0,
AGL020004156-JUANLOT4_I,36.58342,-121.5461,-138151.6,-158157.5,6.5,0,
AGL020004156-JUANLOT9_I,36.58511,-121.54402,-137962.7,-157972.7,13.8,1,
AGL020004169-P-W4,36.611813,-121.6247966,-145128.8,-154884.8,1.6,0,
AGL020004169-WELL 2,36.611715,-121.61971,-144674.7,-154903.4,1.5,0,
AGL020004169-WELL 4,36.611825,-121.624687,-145119.0,-154883.6,1.64,0,
AGL020004172-S-W1,36.6417187,-121.6638553,-148558.9,-151501.0,0.25,0,
AGL020004172-WELL 1,36.62208,-121.66362,-148576.2,-153683.7,0.38,0,
AGL020004175-AG_BLAIR5,36.36708,-121.27337,-114106.4,-182560.4,6.69,0,
AGL020004175-DOM_BLHOUS,36.367394,-121.273117,-114083.2,-182525.8,6.93,0,
AGL020004178-B-DOM,36.678218,-121.7346763,-154807.3,-147331.8,0.35,0,
AGL020004178-B-W1,36.678813,-121.7292841,-154324.9,-147274.4,0.6,0,
AGL020004178-WELL 1,36.678908,-121.729314,-154327.4,-147263.8,0.67,0,
AGL020004178-WELL 2,36.678943,-121.730381,-154422.5,-147258.2,0.6,0,
AGL020004178-WELL 4,36.67817,-121.734551,-154796.2,-147337.3,0.82,0,
AGL020004178-WELL 5,36.678253,-121.734461,-154788.0,-147328.2,1.01,0,
AGL020004179-AG_GARIN4,36.69176,-121.6961,-151338.1,-145889.2,26.69,1,
AGL020004180-BASSETT_I,36.50759,-121.50795,-134877.1,-166638.8,4.3,0,
AGL020004180-CCGC_0001,36.50544,-121.50916,-134989.1,-166876.0,7.25,0,
AGL020004182-AG_HOME3,36.54051,-121.48058,-132372.0,-163019.3,16.7,1,
AGL020004182-AG_HOME5,36.54112,-121.475354,-131903.8,-162958.8,4.0,0,
AGL020004182-DOM_HOHOUS,36.54204,-121.48156,-132457.0,-162847.9,0.68,0,
AGL020004183-BLANCO WELL,36.69385,-121.72028,-153491.2,-145618.1,0.6,0,
AGL020004185-CCGC_0002,36.44591,-121.4322,-128205.7,-173597.9,36.4,1,
AGL020004185-CCGC_0003,36.4426,-121.43024,-128035.9,-173968.3,28.6,1,
AGL020004185-HOME_IRR_1,36.44108,-121.42118,-127227.4,-174149.4,49.4,1,
AGL020004185-HOME_IRR_2,36.441034,-121.421328,-127240.7,-174154.3,17.25,1,
AGL020004186-L-W1,36.693724,-121.7237101,-153797.4,-145626.5,0.2,0,
AGL020004188-AG_MORIS5,36.41923,-121.33273,-119343.8,-176692.4,31.8,1,
AGL020004189-HERSCH_I,36.43923,-121.4102,-126247.6,-174369.7,15.1,1,
AGL020004189-HERSCH_I_2,36.440393,-121.411538,-126365.4,-174238.6,14.75,1,
AGL020004190-AG_DOUD15,36.3922,-121.31462,-117763.8,-179718.6,21.75,1,
AGL020004190-AG_DOUD21,36.388352,-121.3098,-117338.0,-180152.2,8.54,0,
AGL020004190-DOM_DOUD10,36.39802,-121.31873,-118123.0,-179066.8,28.95,1,
AGL020004190-DOUD SHOP,36.38837,-121.31005,-117360.4,-180149.9,0.75,0,
AGL020004191-DOM_OCBAR8,36.67235,-121.7136,-152938.4,-148018.1,0.2,0,
AGL020004193-AG_MCDOUG3,36.66183,-121.70805,-152464.2,-149196.0,0.24,0,
AGL020004196-AG_WELL22,36.47622,-121.42684,-127675.3,-170237.0,9.4,0,
AGL020004196-AG_WILL22,36.47618,-121.42684,-127675.4,-170241.5,5.8,0,
AGL020004196-AG_WILL28,36.469995,-121.424296,-127458.1,-170932.2,1.76,0,
AGL020004197-G-W1,36.7347246,-121.7381478,-155001.9,-141046.8,0.2,0,
AGL020004198-T-DOM,36.7389542,-121.7396884,-155130.7,-140574.2,25.55,1,
AGL020004202-V-W1,36.7646758,-121.783621,-158994.0,-137643.1,0.2,0,
AGL020004202-WELL 1,36.764722,-121.783283,-158963.8,-137638.6,0.12,0,
AGL020004206-M-W1,36.7287652,-121.7899647,-159634.7,-141623.0,0.3,0,
AGL020004208-O-W1,36.7260753,-121.7912911,-159758.7,-141919.7,0.25,0,
AGL020004208-WELL 1,36.726085,-121.7912833,-159758.0,-141918.7,0.6,0,
AGL020004208-WELL 2,36.728967,-121.79132,-159755.2,-141598.3,0.74,0,
AGL020004215-VASQUEZ,36.8437638,-121.7416316,-155090.0,-128923.8,0.05,0,
AGL020004235-HOLLENSTEI,36.7456382,-121.6421047,-146417.0,-139986.7,1.06,0,
AGL020004243-WELL,36.6249548,-121.5549482,-138866.5,-153529.0,27.7,1,
AGL020004246-DOM_WELL,36.6275705,-121.5441315,-137895.8,-153254.1,0.7,0,
AGL020004246-WELL,36.6298976,-121.5403117,-137550.5,-153001.1,54.05,1,
AGL020004261-WELL,36.6218262,-121.5579489,-139140.1,-153872.3,8.0,0,
AGL020004265-BONDEN5_AG,36.72,-121.6221,-144682.2,-142866.5,37.1,1,
AGL020004265-BONDLOT3_I,36.72127,-121.63034,-145414.7,-142712.8,63.83,1,
AGL020004265-BONDPIP5_I,36.71999,-121.62256,-144723.3,-142866.9,21.78,1,
AGL020004265-CCGC_0121,36.72002,-121.62256,-144723.2,-142863.6,51.1,1,
AGL020004266-JOHNSON_HOME_1,36.658668,-121.565752,-139769.4,-149766.7,14.5,1,
AGL020004266-JOHNSON_HOME_2,36.655668,-121.567393,-139921.3,-150097.7,1.0,0,
AGL020004266-J_HOME_1,36.65861,-121.56582,-139775.5,-149773.0,22.95,1,
AGL020004266-J_HOME_2,36.655653,-121.5673239,-139915.2,-150099.4,1.2,0,
AGL020004269-MOFFIT 1,36.71865,-121.63631,-145952.2,-142994.7,3.0,0,
AGL020004269-MOFFL29_I,36.71846,-121.6362,-145942.7,-143016.0,2.74,0,
AGL020004277-MORT15_AG,36.72791,-121.6321,-145559.0,-141972.2,10.6,1,
AGL020004277-MORTLOT1_I,36.72768,-121.63203,-145553.2,-141997.8,13.23,1,
AGL020004281-CALLA14_AG,36.45474,-121.38224,-123719.5,-172683.0,39.4,1,
AGL020004281-CALLA15_AG,36.45481,-121.38224,-123719.4,-172675.3,64.7,1,
AGL020004281-CALLAGHAN_11,36.442713,-121.382375,-123751.1,-174019.3,28.5,1,
AGL020004281-CALLAGHAN_SHOP,36.443276,-121.375527,-123137.2,-173965.7,13.42,1,
AGL020004281-DOM_HOUSES,36.45153,-121.37204,-122811.8,-173053.0,80.8,1,
AGL020004281-DOM_SHOP,36.44268,-121.37537,-123124.1,-174032.1,30.0,1,
AGL020004282-CCGC_0123,36.61069,-121.5711,-140335.1,-155090.4,22.13,1,
AGL020004282-MUSANL29_I,36.61164,-121.5694,-140181.5,-154987.3,21.7,1,
AGL020004282-MUSANTE 16,36.61162,-121.56945,-140186.0,-154989.5,11.9,1,
AGL020004282-MUSANTE 17,36.61071,-121.57107,-140332.4,-155088.2,47.7,1,
AGL020004284-CCGC_0124,36.72677,-121.64327,-146557.3,-142081.7,26.12,1,
AGL020004284-SMITH 18,36.72549,-121.63313,-145655.5,-142239.5,2.1,0,
AGL020004284-SMITH 19,36.727,-121.64309,-146540.8,-142056.4,31.4,1,
AGL020004284-SMITHL9_I,36.72578,-121.63301,-145644.2,-142207.5,4.21,0,
AGL020004286-ARNOLD_3,36.427273,-121.363301,-122068.4,-175759.7,2.65,0,
AGL020004286-ARNOLD_W13,36.429792,-121.363584,-122089.7,-175479.5,11.6,1,
AGL020004286-DOM_OFFICE,36.4467,-121.36218,-121937.0,-173602.4,95.0,1,
AGL020004286-PUMP_1,36.43419,-121.35597,-121401.0,-175000.5,41.4,1,
AGL020004288-NIXON_1,36.6454559,-121.5614174,-139406.6,-151241.3,19.9,1,
AGL020004288-NIXON_2,36.6517041,-121.5667355,-139869.9,-150539.1,3.15,0,
AGL020004288-NIXON_3,36.64547,-121.56141,-139406.0,-151239.7,1.3,0,
AGL020004288-WELL_4_DOM,36.6517493,-121.5589373,-139173.7,-150545.6,2.05,0,
AGL020004288-WILSON,36.6531419,-121.5607683,-139334.6,-150388.1,6.1,0,
AGL020004289-STRUBY 20,36.71643,-121.68629,-150414.1,-143163.3,2.1,0,
AGL020004289-STRUBYL5_I,36.7165,-121.68624,-150409.5,-143155.6,1.47,0,
AGL020004291-CONNOLLY_1,36.61925,-121.51367,-135190.5,-154222.6,41.7,1,
AGL020004291-CONNOLLY_2,36.6164547,-121.5103605,-134899.9,-154538.0,45.75,1,
AGL020004291-CONNOLLY_3,36.61505,-121.51151,-135005.1,-154692.4,79.8,1,
AGL020004296-FIRESTONE_1,36.61729,-121.583247,-141407.7,-154338.9,6.5,0,
AGL020004296-FIRE_WELL2,36.61856,-121.58854,-141878.1,-154189.9,2.45,0,
AGL020004298-FERRINI_2,36.62838,-121.67469,-149552.4,-152966.2,6.2,0,
AGL020004298-HILLTOWN_WELL_1,36.62667,-121.669917,-149129.5,-153163.8,1.55,0,
AGL020004301-VIOLINI_1,36.62113,-121.66379,-148593.2,-153789.0,0.2,0,
AGL020004301-VIOLINI_WELL_1,36.621666,-121.663814,-148594.3,-153729.4,0.2,0,
AGL020004302-PRYOR_1,36.46238,-121.39841,-125154.2,-171812.9,40.8,1,
AGL020004302-PRYOR_7,36.453989,-121.391608,-124559.2,-172754.2,20.4,1,
AGL020004302-PRYOR_9,36.45412,-121.383405,-123824.8,-172750.4,54.1,1,
AGL020004302-PRYOR_DOM,36.462553,-121.399228,-125227.1,-171792.5,31.9,1,
AGL020004302-PRYOR_LABOR_D,36.46126,-121.38721,-124153.7,-171952.0,85.05,1,
AGL020004302-PRYOR_OFFICE_D,36.462641,-121.39917,-125221.8,-171782.8,55.3,1,
AGL020004303-FELIPE_1,36.600174,-121.6285,-145481.8,-156172.5,2.85,0,
AGL020004306-CCGC_0593,36.72489,-121.64542,-146752.6,-142287.2,18.89,1,
AGL020004306-WSFARM23_1,36.72525,-121.63946,-146220.4,-142256.4,6.64,0,
AGL020004306-WSFARMS23_1,36.72515,-121.63948,-146222.4,-142267.5,6.2,0,
AGL020004345-WELL 1,36.73701,-121.6786,-149687.7,-140888.5,4.73,0,
AGL020004353-AG WELL,36.6453539,-121.5671248,-139916.3,-151244.2,15.8,1,
AGL020004355-CCGC_0114,36.64123,-121.68018,-150017.3,-151529.6,0.14,0,
AGL020004355-DAVIS2_I,36.6422,-121.68043,-150037.7,-151421.4,2.8,0,
AGL020004355-DAVIS4_1,36.63729,-121.69165,-151049.1,-151949.2,6.3,0,
AGL020004355-DAVIS_DOM,36.6412,-121.68019,-150018.2,-151532.9,0.2,0,
AGL020004363-BOBHOUSE_D,36.53149,-121.53278,-137054.8,-163947.4,0.95,0,
AGL020004363-TJERILD1_I,36.52387,-121.52068,-135986.6,-164811.6,9.55,0,
AGL020004366-HOMEPUMP2I,36.56341,-121.5567,-139135.2,-160365.6,8.3,0,
AGL020004366-HOMEPUMP2_I,36.56667,-121.55565,-139035.4,-160004.8,12.0,1,
AGL020004370-VIOPUMP3_I,36.56092,-121.5538,-138880.6,-160646.5,3.6,0,
AGL020004370-VOIPUMP3_I,36.56092,-121.55381,-138881.5,-160646.5,3.0,0,
AGL020004375-CCGC_0054,36.55262,-121.53686,-137381.5,-161593.5,25.2,1,
AGL020004375-DOM_WELL7,36.54433,-121.52212,-136078.8,-162536.0,0.6,0,
AGL020004375-PUMP #3,36.5423501,-121.5190002,-135803.5,-162760.5,0.8,0,
AGL020004375-PUMP #4,36.54192,-121.515015,-135448.0,-162813.9,1.2,0,
AGL020004375-R2PUMP1_I,36.5509281,-121.5315681,-136911.6,-161789.2,1.55,0,
AGL020004375-WELL #1,36.55096,-121.53157,-136911.7,-161785.6,2.8,0,
AGL020004377-R3P5_I,36.54244,-121.52626,-136452.3,-162740.0,0.2,0,
AGL020004377-R3PUMP5_I,36.54164,-121.53046,-136829.2,-162822.9,0.25,0,
AGL020004410-ALISAL,36.6503105,-121.53050423,-136638.2,-150746.8,20.45,1,
AGL020004433-KINGCITY,36.42607,-121.40262,-125590.7,-175842.1,5.78,0,
AGL020004433-SALINAS,36.42676,-121.40316,-125637.9,-175764.7,3.66,0,
AGL020004436-STONEWALL,36.48183,-121.48872,-133202.1,-169528.5,8.22,0,
AGL020004437-WELL,36.73879,-121.678011,-149631.7,-140691.6,1.55,0,
AGL020004441-BLOCK11,36.42509,-121.30541,-116888.5,-176075.3,2.8,0,
AGL020004441-BLOCK3,36.43117,-121.30762,-117077.1,-175396.9,6.4,0,
AGL020004441-BLOCK41,36.42309,-121.29597,-116046.4,-176309.1,2.0,0,
AGL020004449-DOMESTIC,36.47424,-121.34899,-120712.8,-170559.0,4.7,0,
AGL020004449-GABILAN,36.47458,-121.36793,-122407.0,-170497.0,4.98,0,
AGL020004455-CCGC_0431,36.35946,-121.31499,-117847.5,-183356.2,14.1,1,
AGL020004455-CLAR1A W14,36.36277,-121.32642,-118866.6,-182974.1,6.0,0,
AGL020004455-CLARK 3B3,36.35291,-121.31728,-118062.8,-184081.1,0.7,0,
AGL020004455-JFWCLARK_I,36.36253,-121.31915,-118215.5,-183009.9,10.46,1,
AGL020004461-LEON_RIVER,36.73701,-121.78227,-158931.4,-140719.8,0.2,0,
AGL020004466-PANORAMA_I,36.35456,-121.32864,-119078.3,-183883.6,20.75,1,
AGL020004497-CCGC_0430,36.38359,-121.30328,-116761.2,-180689.4,2.41,0,
AGL020004497-RANTIER_I,36.3805,-121.30622,-117029.3,-181029.1,0.2,0,
AGL020004497-RANTIER_II,36.38056,-121.3063,-117036.4,-181022.3,0.2,0,
AGL020004497-WINERYSUPPLY,36.37819,-121.30391,-116825.9,-181288.6,0.2,0,
AGL020004503-BLK 15,36.46124,-121.35831,-121567.4,-171991.7,4.1,0,
AGL020004503-BLK4 WELL,36.465,-121.3673,-122365.9,-171562.3,88.0,1,
AGL020004503-CCGC_0432,36.46607,-121.36629,-122273.8,-171444.7,61.2,1,
AGL020004503-HACIENDA_I,36.46123,-121.35818,-121555.8,-171993.0,3.2,0,
AGL020004505-AG_WELL_GA,36.59548,-121.72618,-154216.6,-156539.7,3.75,0,
AGL020004506-CCGC_0433,36.50524,-121.41596,-126653.6,-167026.9,40.0,1,
AGL020004506-JFWPDM3,36.50416,-121.4097,-126095.5,-167155.2,0.85,0,
AGL020004506-JFWPDM6,36.49802,-121.41197,-126308.7,-167834.5,17.5,1,
AGL020004506-JFWPDM_I,36.50248,-121.41907,-126936.4,-167329.4,7.3,0,
AGL020004508-JFJENSEN_I,36.50994,-121.41011,-126122.6,-166512.4,1.25,0,
AGL020004516-JFRINCON_I,36.54201,-121.43701,-128474.4,-162912.5,11.16,1,
AGL020004578-BARDN1W1_I,36.6731804,-121.6998086,-151706.0,-147947.9,1.0,0,
AGL020004578-BARDN1W2_I,36.6745316,-121.703041,-151991.7,-147792.6,0.4,0,
AGL020004578-CCGC_0068,36.6713548,-121.7046192,-152138.9,-148143.1,0.3,0,
AGL020004610-TABLACK_I,36.6894666,-121.7357314,-154878.6,-146080.1,3.2,0,
AGL020004612-CCGC_0069,36.6464905,-121.6788767,-149890.6,-150947.1,0.4,0,
AGL020004616-TADAVEMC_I,36.683574,-121.7413295,-155390.0,-146725.7,0.6,0,
AGL020004616-WELL #5,36.6845305,-121.7352698,-154847.4,-146629.3,0.2,0,
AGL020004617-TAFOSTER_I,36.6487,-121.68978,-150859.5,-150684.3,0.24,0,
AGL020004618-CCGC_0070,36.686,-121.73445,-154771.3,-146467.4,1.67,0,
AGL020004618-TAFRANK2_I,36.68602,-121.73473,-154796.2,-146464.7,0.58,0,
AGL020004618-WELL LOT 1,36.6859558,-121.7343266,-154760.4,-146472.5,0.6,0,
AGL020004618-WELL2,36.6895015,-121.7342706,-154748.2,-146078.6,6.2,0,
AGL020004618-WELL3,36.6860316,-121.7347903,-154801.6,-146463.3,0.6,0,
AGL020004618-WELL4,36.6875558,-121.7260604,-154019.6,-146308.1,0.2,0,
AGL020004621-TAJENSEN_I,36.66956,-121.69214,-151028.8,-148362.5,0.45,0,
AGL020004624-CCGC_0071,36.742083,-121.740917,-155233.8,-140224.5,0.66,0,
AGL020004624-TAKNIGHT_I,36.7421026,-121.7409624,-155237.8,-140222.3,0.5,0,
AGL020004624-WELL #2,36.7412187,-121.7397608,-155132.5,-140322.5,0.5,0,
AGL020004624-WELL #3,36.7412197,-121.7397205,-155128.9,-140322.4,0.45,0,
AGL020004626-TAMATHEW_I,36.65585,-121.68304,-150243.8,-149900.5,0.3,0,
AGL020004629-TAPORBOT_I,36.66757,-121.72414,-153888.6,-148532.2,0.23,0,
AGL020004630-TAPORTER_D,36.6641302,-121.7151093,-153089.6,-148929.0,0.15,0,
AGL020004633-TASTIRW1_I,36.6431268,-121.6655612,-148708.4,-151341.9,0.22,0,
AGL020004635-RHARRIS2_I,36.6177573,-121.635256,-146051.6,-154208.1,1.5,0,
AGL020004635-WELL #1,36.6161493,-121.6379347,-146293.9,-154382.7,1.3,0,
AGL020004636-HUNTER1_I,36.644984,-121.6621816,-148403.1,-151140.8,0.55,0,
AGL020004638-ROSILOT8_I,36.6250522,-121.6529544,-147618.0,-153370.1,0.36,0,
AGL020004638-WELL #2,36.6291249,-121.6475129,-147124.2,-152926.0,0.3,0,
AGL020004638-WELL #5,36.6317076,-121.6600794,-148241.3,-152619.4,0.5,0,
AGL020004639-STORM1_I,36.6520054,-121.6455697,-146906.6,-150386.4,9.0,0,
AGL020004640-CCGC_0546,36.64743,-121.69202,-151062.0,-150821.9,1.6,0,
AGL020004641-BARDIN1_I,36.67026,-121.71993,-153507.5,-148240.1,0.2,0,
AGL020004641-CCGC_0548,36.67837,-121.72296,-153761.5,-147333.9,1.4,0,
AGL020004654-SULPOMW1_I,36.66901,-121.71727,-153272.6,-148383.3,0.2,0,
AGL020004703-RODGERS_D,36.73615,-121.7049,-152034.5,-140942.2,0.7,0,
AGL020004704-CCGC_0544,36.73244,-121.7057,-152113.2,-141353.2,60.84,1,
AGL020004704-HMHAMBEY_I,36.72949,-121.70043,-151649.2,-141689.5,1.07,0,
AGL020004705-AG WELL,36.609409,-121.533813,-137007.1,-155287.3,51.21,1,
AGL020004705-AG_RDC,36.60859,-121.53378,-137005.6,-155378.3,9.2,0,
AGL020004705-DOM_RDC,36.609017,-121.53346,-136976.3,-155331.4,2.85,0,
AGL020004722-67-1,36.62536,-121.52967,-136608.4,-153520.7,94.4,1,
AGL020004722-87-2,36.62326,-121.53111,-136740.8,-153752.0,3.4,0,
AGL020004722-AG_WELL_RE,36.6253667,-121.5296167,-136603.7,-153520.0,82.16,1,
AGL020004722-DOM_REDWOO,36.6232066,-121.5312016,-136749.1,-153757.8,1.98,0,
AGL020004723-80-2,36.76732,-121.60542,-143105.6,-137633.2,2.9,0,
AGL020004723-90-3,36.76138,-121.60694,-143252.2,-138291.0,10.7,1,
AGL020004723-AG_WELL_OS,36.7673167,-121.6054167,-143105.3,-137633.6,7.58,0,
AGL020004723-WELL903,36.7613725848779,-121.602430343628,-142850.3,-138298.6,4.2,0,
AGL020004819-DM WELL 1,36.59278,-121.4966,-133712.5,-157188.3,17.8,1,
AGL020004824-AG WELL 2,36.62465,-121.55302,-138694.8,-153565.7,1.1,0,
AGL020004824-DM WELL,36.63169,-121.55371,-138743.6,-152782.4,68.0,1,
AGL020004829-DM WELL 3,36.67931,-121.68037,-149959.2,-147297.7,10.0,0,
AGL020004833-AG WELL 1,36.62878,-121.61401,-144133.3,-153015.8,3.2,0,
AGL020004833-DM WELL,36.63065,-121.62396,-145018.2,-152792.8,1.3,0,
AGL020004844-SOLEDWELL,36.40795,-121.27041,-113780.3,-178022.5,1.7,0,
AGL020004844-WELL,36.4079,-121.27023,-113764.3,-178028.2,2.38,0,
AGL020004847-AG WELL,36.68156,-121.7254,-153972.8,-146975.5,0.7,0,
AGL020004847-DOM WELL,36.68123,-121.72549,-153981.5,-147012.0,0.6,0,
AGL020004850-AG WELL 3,36.61548,-121.53085,-136731.5,-154616.9,7.2,0,
AGL020004850-HOUSE WELL,36.61639,-121.54087,-137624.8,-154501.3,34.8,1,
AGL020004850-SHOP WELL,36.6153,-121.52991,-136647.9,-154638.3,128.0,1,
AGL020004885-AG WELL 5,36.6216,-121.51523,-135325.7,-153959.2,23.8,1,
AGL020004886-LEONARDI,36.597756,-121.626335,-145293.0,-156444.5,3.31,0,
AGL020004886-WELL 1,36.59778,-121.62629,-145288.9,-156441.9,3.2,0,
AGL020004906-AG WELL 1,36.67908,-121.71906,-153412.1,-147261.4,0.2,0,
AGL020004912-AG WELL 2,36.61209,-121.54781,-138252.4,-154969.0,13.1,1,
AGL020004913-AG WELL,36.38283,-121.35456,-121356.3,-180709.4,11.7,1,
AGL020004913-DOM WELL,36.38274,-121.35468,-121367.2,-180719.3,6.6,0,
AGL020004964-AG WELL 6,36.58188,-121.57402,-140649.0,-158287.6,2.2,0,
AGL020004968-AG WELL 2,36.58393,-121.57555,-140781.9,-158057.5,2.1,0,
AGL020004968-DM WELL,36.5856,-121.56667,-139985.5,-157885.0,0.3,0,
AGL020004986-AG WELL 2,36.67313,-121.68949,-150785.3,-147970.0,0.9,0,
AGL020004986-DOM WELL,36.67904,-121.68438,-150317.6,-147321.4,68.3,1,
AGL020005012-AG WELL 1,36.6863,-121.6865,-150492.4,-146511.2,68.4,1,
AGL020005012-DOM WELL,36.68821,-121.68722,-150552.9,-146297.8,64.15,1,
AGL020005029-AG_AMARAL,36.80501,-121.71632,-152914.2,-133271.6,2.72,0,
AGL020005030-AG WELL 1,36.58913,-121.56053,-139430.4,-157501.8,7.0,0,
AGL020005051-WELL_AG,36.58992,-121.60625,-143513.6,-157345.8,4.85,0,
AGL020005070-WELL,36.38052,-121.34586,-120580.6,-180977.2,4.85,0,
AGL020005093-WELL,36.38358,-121.35021,-120965.4,-180631.7,3.45,0,
AGL020005167-PANZIERA,36.66644,-121.73632,-154977.9,-148637.9,1.96,0,
AGL020005174-WELL,36.3214977,-121.299437,-116511.5,-187593.6,3.5,0,
AGL020005183-DOMESTIC,36.31936,-121.28429,-115156.7,-187849.7,3.29,0,
AGL020005183-WELL 5,36.31961,-121.286,-115309.6,-187819.8,4.53,0,
AGL020005198-2150_ELKHO,36.80015,-121.72425,-153630.5,-133798.8,12.16,1,
AGL020005304-BLANCO DOM,36.743742,-121.617775,-144251.5,-140234.7,8.1,0,
AGL020005304-BLANCO IRR,36.74917,-121.61774,-144238.1,-139631.5,9.9,0,
AGL020005304-BLANCO IRR 4,36.744425,-121.618698,-144332.5,-140157.4,4.5,0,
AGL020005304-BLANCO PRI #1,36.747662,-121.618175,-144279.7,-139798.4,7.92,0,
AGL020005305-SALA DUAL,36.74566,-121.65293,-147382.1,-139967.5,11.45,1,
AGL020005306-#3 ABELOE PRI,36.73894,-121.629268,-145285.4,-140750.8,9.28,0,
AGL020005306-3ABELO PRI,36.73894,-121.629268,-145285.4,-140750.8,4.3,0,
AGL020005306-ABELOE_I,36.744428,-121.626047,-144987.7,-140145.8,17.7,1,
AGL020005306-D_ABELOE2,36.74263,-121.62765,-145134.0,-140343.2,13.57,1,
AGL020005307-MARCI PRI #2,36.7442,-121.61652,-144138.7,-140185.7,2.12,0,
AGL020005307-MARCIPRI 1,36.74476,-121.616549,-144140.3,-140123.4,5.2,0,
AGL020005307-MARCIPRI 2,36.74483,-121.61652,-144137.5,-140115.7,3.1,0,
AGL020005308-CODIROLI #2 PRI,36.711062,-121.605873,-143251.9,-143884.4,29.43,1,
AGL020005401-SALINAS2,36.747674,-121.707651,-152256.7,-139657.2,0.55,0,
AGL020005403-CCGC_0023,36.59308,-121.53632,-137260.4,-157098.2,1.5,0,
AGL020005420-AG WELL,36.30712,-121.30633,-117151.5,-189182.7,0.3,0,
AGL020005420-DOM WELL,36.30749,-121.30933,-117420.0,-189137.9,1.92,0,
AGL020005502-PUMP #2,36.59627,-121.43812,-128482.2,-156881.4,1.95,0,
AGL020005502-PUMP #3,36.59747,-121.4377,-128442.6,-156748.6,1.4,0,
AGL020005502-WELL_1_AG,36.5962861,-121.4381444,-128484.3,-156879.5,0.24,0,
AGL020005502-WELL_2,36.5964797,-121.4381497,-128484.5,-156858.0,2.85,0,
AGL020005643-AG DOM,36.3275,-121.2625,-113191.0,-186971.4,16.5,1,
AGL020005722-WELL,36.30304,-121.22652,-110000.5,-189731.7,31.09,1,
AGL020005722-WELL #1,36.3033,-121.2268,-110025.2,-189702.5,45.8,1,
AGL020005723-14TH AG,36.31325,-121.27171,-114037.9,-188543.8,25.8,1,
AGL020005723-WELL,36.31323,-121.27166,-114033.4,-188546.1,21.13,1,
AGL020005801-WELL,36.80048,-121.7072,-152110.8,-133789.7,0.45,0,
AGL020005842-RUBIO-9071,36.785636,-121.719872,-153269.7,-135418.8,1.0,0,
AGL020005880-RCH_VIERRA,36.781337,-121.584478,-141213.0,-136106.9,0.05,0,
AGL020005880-WELL,36.780806,-121.583347,-141113.2,-136167.6,0.05,0,
AGL020006040-WELL 1,36.580247,-121.817014,-162363.1,-158080.7,6.1,0,
AGL020006080-AG WELL,36.74689,-121.71527,-152937.5,-139732.0,0.5,0,
AGL020006520-SALA_3,36.7624558,-121.6185129,-144281.8,-138153.9,4.86,0,
AGL020006540-CCGC_0051,36.408,-121.38689,-124211.7,-177870.7,2.03,0,
AGL020006540-DOMESTIC,36.40804,-121.38704,-124225.0,-177866.1,1.55,0,
AGL020006540-SABA MAIN,36.40894,-121.38596,-124126.9,-177767.5,39.1,1,
AGL020006621-BLOCK 12,36.48287,-121.39366,-124695.7,-169542.2,0.8,0,
AGL020006621-BLOCK 4A,36.47836,-121.38655,-124066.9,-170052.7,8.0,0,
AGL020006621-CASA GRANDE MAI,36.251,-121.2145,-108996.6,-195528.0,6.9,0,
AGL020006626-GAR MAIN,36.47925,-121.38467,-123897.2,-169956.3,2.8,0,
AGL020006626-GARCIA MAIN,36.2717,-121.237,-110985.8,-193201.8,4.1,0,
AGL020006627-HOBSON 9,36.27781,-121.19034,-106791.0,-192576.5,8.35,0,
AGL020006640-KRISTY 22,36.28709,-121.19745,-107415.9,-191537.3,11.35,1,
AGL020006680-CCGC_0050,36.3648,-121.33192,-119356.3,-182741.6,8.47,0,
AGL020006680-MISSION,36.36482,-121.33185,-119350.0,-182739.5,10.0,0,
AGL020006681-MCINTYRE,36.46965,-121.46339,-130956.8,-170917.2,13.4,1,
AGL020006684-NORTH,36.51158,-121.40694,-125836.4,-166334.3,1.5,0,
AGL020006684-SOUTH,36.30426,-121.31286,-117741.5,-189492.4,1.1,0,
AGL020006684-SUNRISE MAIN 2,36.2938,-121.2527,-112361.9,-190727.7,1.0,0,
AGL020006684-SUN_SOUTH,36.50651,-121.40076,-125292.1,-166905.9,4.6,0,
AGL020006686-VENT SOUTH,36.35616,-121.30386,-116855.1,-183736.6,0.5,0,
AGL020006686-VENTANA SOUTH,36.1914,-121.1429,-102650.9,-202230.2,0.4,0,
AGL020006686-VENT_MAIN,36.35613,-121.30371,-116841.7,-183740.2,0.6,0,
AGL020006688-VICTORIA 7,36.26324,-121.18018,-105899.7,-194206.9,3.3,0,
AGL020007123-VIERRAWELL,36.71187,-121.71046,-152578.9,-143631.4,0.98,0,
AGL020007181-WELL #1,36.6051,-121.55811,-139185.1,-155730.7,38.1,1,
AGL020007181-WELL #2,36.60842,-121.57121,-140349.1,-155342.5,11.24,1,
AGL020007215-AG WELL,36.52667,-121.53306,-137088.5,-164482.6,8.1,0,
AGL020007215-DM WELL,36.52639,-121.53278,-137064.0,-164514.1,36.95,1,
AGL020007284-AG WELL,36.72862,-121.61798,-144298.5,-141914.9,8.21,0,
AGL020007284-DOM WELL,36.73119,-121.61672,-144181.2,-141631.2,2.47,0,
AGL020007326-AG WELL,36.30291,-121.2208,-109487.7,-189752.8,24.55,1,
AGL020007326-DOM WELL,36.30292,-121.22106,-109511.0,-189751.4,54.93,1,
AGL020007328-DOLAN_WELL,36.79408,-121.74205,-155228.7,-134444.4,0.3,0,
AGL020007344-WELL,36.30951,-121.20279,-107863.2,-189040.0,28.5,1,
AGL020007345-AG WELL,36.30945,-121.18998,-106714.6,-189061.2,33.61,1,
AGL020007345-DOM WELL,36.31612,-121.1916,-106850.6,-188318.2,29.1,1,
AGL020007345-NEW DOM WELL,36.31615,-121.19176,-106864.9,-188314.7,10.6,1,
AGL020007346-AG WELL,36.298734,-121.274113,-114275.0,-190153.9,36.54,1,
AGL020007346-DOM LOT 7,36.28661,-121.25083,-112204.7,-191528.8,80.06,1,
AGL020007346-DOM SHOP,36.29517,-121.26651,-113598.4,-190559.0,67.01,1,
AGL020007346-RANCH 4 NORTH,36.29874,-121.27411,-114274.7,-190153.2,71.7,1,
AGL020007348-WELL LOT 1,36.29968,-121.21584,-109047.5,-190117.4,20.4,1,
AGL020007351-AG WELL,36.29684,-121.27798,-114624.7,-190359.7,22.7,1,
AGL020007354-AG WELL,36.32194,-121.22102,-109480.2,-187638.0,85.1,1,
AGL020007436-3622-004,36.46443,-121.41708,-126821.6,-171560.2,2.45,0,
AGL020007436-CCGC_0719,36.46966,-121.40567,-125791.9,-170994.3,32.9,1,
AGL020007438-3712-003,36.4631366,-121.4071689,-125936.8,-171717.2,4.1,0,
AGL020007438-3730-005,36.45572,-121.4192,-127025.8,-172525.3,0.19,0,
AGL020007438-CCGC_0610,36.4602473,-121.4081509,-126029.4,-172036.9,0.2,0,
AGL020007439-0104-005,36.2187,-121.14785,-103058.8,-199191.5,5.35,0,
AGL020007439-0107-05,36.21861,-121.14772,-103047.2,-199201.6,1.1,0,
AGL020007439-0109-004,36.2167212,-121.1488956,-103155.3,-199410.2,3.0,0,
AGL020007439-CCGC_0180,36.20901,-121.13908,-102284.3,-200277.7,0.25,0,
AGL020007439-CCGC_0181,36.2159873,-121.1401536,-102371.4,-199501.2,5.04,0,
AGL020007441-ESP-1,36.73546,-121.684801,-150243.7,-141050.9,13.01,1,
AGL020007443-0202-003,36.2238955,-121.1429767,-102614.3,-198619.5,5.95,0,
AGL020007443-0203-002,36.2173893,-121.1411766,-102461.4,-199344.4,1.1,0,
AGL020007443-CCGC_0609,36.22839,-121.141125,-102442.0,-198122.1,49.7,1,
AGL020007443-CCGC_0636,36.2284231,-121.1411269,-102442.2,-198118.4,17.8,1,
AGL020007446-0409-002,36.2419,-121.15334,-103520.3,-196607.7,11.6,1,
AGL020007446-0414-003,36.2400237,-121.163909,-104471.5,-196804.6,1.0,0,
AGL020007446-0416-004,36.2332,-121.15762,-103916.2,-197569.7,5.35,0,
AGL020007449-AG_ENC1,36.620134,-121.506417,-134541.2,-154134.7,41.04,1,
AGL020007450-EN2-1,36.6197111,-121.5056,-134469.0,-154182.8,39.44,1,
AGL020007454-FL-1,36.638545,-121.565872,-139817.0,-152002.7,80.42,1,
AGL020007457-RUSSELL-1,36.742687,-121.686967,-150422.6,-140244.4,35.0,1,
AGL020007457-RUSSELL-2,36.742746,-121.687241,-150446.9,-140237.4,4.7,0,
AGL020007485-JARDINI,36.558549,-121.557925,-139253.6,-160903.9,6.1,0,
AGL020007494-AG WELL,36.3175,-121.20738,-108263.5,-188147.0,66.0,1,
AGL020007494-DOM,36.31675,-121.20879,-108391.0,-188228.7,64.1,1,
AGL020007496-AG WELL,36.30711,-121.19146,-106850.6,-189319.5,33.73,1,
AGL020007496-AG WELL 1,36.307109,-121.191406,-106845.8,-189319.7,49.16,1,
AGL020007496-DOM WELL,36.30721,-121.19147,-106851.4,-189308.4,21.57,1,
AGL020007498-AG WELL,36.3128,-121.19898,-107517.0,-188678.8,47.42,1,
AGL020007498-DOM WELL,36.3089,-121.20166,-107762.8,-189109.1,46.14,1,
AGL020007500-AG WELL,36.27994,-121.30271,-116868.4,-192207.3,0.5,0,
AGL020007500-DOM WELL,36.27412,-121.30322,-116923.1,-192853.3,0.2,0,
AGL020007527-IRRIGATION,36.48883,-121.47693,-132135.2,-168767.2,3.49,0,
AGL020007533-GH20-07,36.64588,-121.6066,-143439.5,-151126.8,35.6,1,
AGL020007534-GH19-01,36.50812,-121.48097,-132463.1,-166618.0,0.9,0,
AGL020007535-GH17-02,36.55137,-121.498,-133910.3,-161788.0,1.3,0,
AGL020007536-GH16-15,36.52941,-121.48522,-132806.2,-164246.2,9.9,0,
AGL020007538-GH15-02,36.2557,-121.17677,-105604.2,-195048.5,11.6,1,
AGL020007540-GH12-08,36.23287,-121.17089,-105107.8,-197591.7,49.0,1,
AGL020007540-GH12-09,36.23169,-121.1702,-105047.5,-197723.6,20.1,1,
AGL020007540-GH12-10,36.22543,-121.16816,-104873.0,-198421.4,46.9,1,
AGL020007541-GH 21-9,36.57149,-121.54042,-137665.7,-159491.4,4.4,0,
AGL020007541-GH21-215,36.56622,-121.53185,-136909.3,-160089.5,3.2,0,
AGL020007547-B24 HOUSE,36.69668,-121.69695,-151404.1,-145341.1,50.6,1,
AGL020007547-BOR QVF 6,36.705497,-121.683418,-150179.5,-144382.8,19.0,1,
AGL020007547-BOR QVF 9,36.70574,-121.68398,-150229.2,-144354.9,0.25,0,
AGL020007547-OFF BOR QVF,36.706004,-121.680696,-149935.7,-144330.8,28.7,1,
AGL020007547-OFFBOR_QVF,36.706,-121.68066,-149932.5,-144331.3,25.75,1,
AGL020007548-SAN JON 1,36.711,-121.6937,-151085.8,-143755.0,63.8,1,
AGL020007548-SAN JON 4,36.71312,-121.70192,-151814.7,-143506.2,0.75,0,
AGL020007548-SAN JON DOM,36.7091,-121.7005,-151696.1,-143955.2,3.4,0,
AGL020007548-SANJON_DOM,36.70898,-121.70055,-151700.8,-143968.5,2.1,0,
AGL020007549-HET QVF 1,36.72324,-121.69125,-150843.0,-142398.7,30.5,1,
AGL020007551-GL QVF,36.7629,-121.7185,-153193.2,-137947.7,4.9,0,
AGL020007552-SCH HOUSE,36.72523,-121.70225,-151820.0,-142160.0,17.75,1,
AGL020007553-MARTIN MAIN,36.7585,-121.7241,-153701.3,-138427.6,0.75,0,
AGL020007554-P2-DOM,36.34276,-121.30145,-116659.6,-185228.6,0.6,0,
AGL020007554-WELL 1,36.34338,-121.30198,-116706.1,-185159.0,1.1,0,
AGL020007554-WELL 2,36.33474,-121.29992,-116534.7,-186121.6,0.23,0,
AGL020007554-WELL 3,36.34104,-121.311,-117518.2,-185407.9,38.9,1,
AGL020007557-MR QVF 1,36.55162,-121.50502,-134537.3,-161750.3,3.8,0,
AGL020007561-WELL,36.45718,-121.44691,-129503.3,-172325.5,1.65,0,
AGL020007562-WELL,36.30844,-121.31183,-117642.7,-189029.3,4.72,0,
AGL020007563-WELL,36.46724,-121.46207,-130842.8,-171186.9,5.31,0,
AGL020007572-RYAN_AG,36.78364,-121.68382,-150061.1,-135698.3,0.3,0,
AGL020007572-RYAN_AG #2,36.7833388880669,-121.683754920959,-150055.9,-135731.9,0.4,0,
AGL020007671-AG WELL,36.619004,-121.5188,-135649.1,-154242.6,49.1,1,
AGL020007671-WELL,36.61804,-121.52078,-135827.6,-154346.9,2.95,0,
AGL020007794-33-W1-AME-0061,36.308435,-121.265284,-113468.8,-189086.5,49.75,1,
AGL020007794-33W1_0061,36.30859,-121.26556,-113493.3,-189069.0,49.85,1,
AGL020007818-WELL,36.08113,-120.94906,-85364.3,-214674.5,21.4,1,
AGL020007818-WELL 6,36.08132,-120.94896,-85355.0,-214653.4,14.02,1,
AGL020007819-WELL,36.02328,-120.90136,-81135.1,-221143.8,92.7,1,
AGL020007855-24 ACRE,35.97235,-120.88001,-79265.8,-226820.4,0.2,0,
AGL020007855-CAT,36.00381,-120.90043,-81071.9,-223307.8,0.82,0,
AGL020007855-CAT BERN,36.00665,-120.91446,-82332.0,-222980.2,0.2,0,
AGL020007855-CATBERN AG,36.00718,-120.91427,-82314.4,-222921.5,0.2,0,
AGL020007855-DIESEL,36.00604,-120.90305,-81305.4,-223057.8,1.1,0,
AGL020007855-DUPLEX,35.98705,-120.88612,-79800.9,-225182.0,1.9,0,
AGL020007855-E PUMP,36.00151,-120.8976,-80819.5,-223565.8,8.0,0,
AGL020007855-EPUMP,36.00152,-120.89725,-80788.0,-223565.0,31.85,1,
AGL020007855-FORD,35.99112,-120.90355,-81366.2,-224715.0,0.2,0,
AGL020007855-GALLAGER,35.9705,-120.87318,-78652.5,-227031.6,1.2,0,
AGL020007855-MAIN 1 (CAT),36.00395,-120.9003,-81060.0,-223292.4,4.7,0,
AGL020007855-MAIN 2 (DIESEL),36.00605,-120.90306,-81306.3,-223056.7,2.3,0,
AGL020007855-RUTHY'S,36.01278,-120.90744,-81693.5,-222305.2,7.0,0,
AGL020007855-RUTHYS,36.013,-120.9077,-81716.7,-222280.5,1.84,0,
AGL020007855-SHOP,36.00175,-120.9016,-81179.4,-223535.7,0.6,0,
AGL020007855-TOMAS,35.98418,-120.9015,-81189.0,-225487.9,0.2,0,
AGL020007855-TOMAS PUMP,35.9843,-120.90149,-81187.9,-225474.5,0.2,0,
AGL020007884-AG_WELL_EN,36.6276167,-121.5448833,-137962.9,-153247.9,0.39,0,
AGL020008006-14-10,36.09152778,-120.9895556,-88994.5,-213482.0,12.4,1,
AGL020008006-14-11,36.05722222,-120.9865556,-88764.4,-217296.3,13.95,1,
AGL020008006-14-21,36.09555556,-121.0102778,-90853.3,-213014.8,0.78,0,
AGL020008006-14-9,36.08694444,-120.9782222,-87980.5,-214001.8,1.5,0,
AGL020008006-14-DOMESTIC,36.08913889,-121.0038889,-90286.3,-213733.8,3.05,0,
AGL020008108-GH_PUMP1,36.6937103,-121.5830692,-141250.0,-145846.9,51.3,1,
AGL020008124-WEST PINNACLES,36.427489,-121.307711,-117090.9,-175805.9,3.02,0,
AGL020008124-W_PINNACLE,36.42756,-121.30782,-117100.5,-175797.8,5.55,0,
AGL020008223-NISSEN1_I,36.69259,-121.74408,-155617.0,-145719.3,1.56,0,
AGL020008223-NISSEN_IRR,36.68874,-121.74491,-155699.0,-146145.8,0.33,0,
AGL020008223-WELL #1,36.692593,-121.7441502,-155623.3,-145718.8,1.9,0,
AGL020008223-WELL #2,36.68871,-121.74481,-155690.1,-146149.3,0.2,0,
AGL020008224-CCGC_0583,36.65292,-121.67954,-149937.1,-150231.6,0.4,0,
AGL020008224-WELL #1,36.65338,-121.67983,-149962.1,-150180.0,0.3,0,
AGL020008224-WELL #2,36.64989,-121.67428,-149473.5,-150576.6,0.0,0,
AGL020008229-BORONDA_I,36.69242,-121.70487,-152119.2,-145801.8,18.49,1,
AGL020008234-SCHOOL_IRR,36.69378,-121.70184,-151846.2,-145655.5,2.85,0,
AGL020008235-BALESTRA_I,36.69187,-121.70835,-152430.8,-145857.4,2.64,0,
AGL020008237-BALLIN,36.7623167,-121.6534667,-147397.7,-138115.6,0.05,0,
AGL020008307-CCGC_0115,36.69945,-121.59572,-142368.0,-145190.1,42.6,1,
AGL020008307-DUNCAN2_I,36.69622,-121.59637,-142432.0,-145548.1,39.0,1,
AGL020008332-WELL 1,36.69503,-121.693164,-151069.7,-145530.5,35.79,1,
AGL020008403-TASIMON2_I,36.65929,-121.71438,-153034.2,-149468.1,0.2,0,
AGL020008404-ROTAWING_I,36.58448,-121.5052,-134495.4,-158098.5,8.42,0,
AGL020008404-WELL 2,36.5807851,-121.5052727,-134508.5,-158509.0,11.65,1,
AGL020008405-ROSMASSA_I,36.57535,-121.51371,-135272.0,-159100.9,4.04,0,
AGL020008405-WELL 3,36.58378,-121.51855,-135689.5,-158157.3,3.95,0,
AGL020008405-WELL 4,36.5807851,-121.5256407,-136328.4,-158479.9,0.5,0,
AGL020008405-WINGMAS4_I,36.58084,-121.52561,-136325.5,-158473.8,0.2,0,
AGL020008426-R19-4,36.56327778,-121.5203333,-135885.3,-160433.0,28.1,1,
AGL020008433-17-20,36.57325,-121.5378611,-137433.8,-159299.6,14.9,1,
AGL020008433-17-21,36.57711111,-121.5317222,-136878.3,-158879.4,1.4,0,
AGL020008433-17-DOM,36.56416667,-121.5289722,-136655.8,-160321.8,1.4,0,
AGL020008433-R17-28,36.56633333,-121.5247778,-136277.1,-160087.1,0.45,0,
AGL020008433-R17-29,36.55894444,-121.5292222,-136687.5,-160901.7,1.0,0,
AGL020008433-R17-32,36.56772222,-121.5298333,-136726.4,-159925.5,26.95,1,
AGL020008433-R17-33,36.57047222,-121.5344444,-137133.5,-159613.2,0.5,0,
AGL020008438-R16-11,36.57752778,-121.5026389,-134278.9,-158874.7,27.95,1,
AGL020008438-R16-19,36.5654167,-121.513,-135226.2,-160205.8,0.5,0,
AGL020008438-R16-5,36.57405556,-121.5075278,-134721.8,-159253.6,15.4,1,
AGL020008528-WDAVIS4_I,36.63733,-121.6917,-151053.5,-151944.7,2.95,0,
AGL020008549-MANZONI_1,36.474969,-121.465008,-131092.5,-170324.0,1.8,0,
AGL020008549-MANZONI_2,36.47427,-121.46567,-131152.9,-170400.7,8.65,0,
AGL020008550-WELL,36.63663,-121.66848,-148981.7,-152059.2,0.95,0,
AGL020008552-BUTLER_W2,36.47492,-121.45993,-130638.2,-170336.4,6.45,0,
AGL020008552-BUTLER_WELL_1,36.471583,-121.458778,-130540.8,-170708.8,8.4,0,
AGL020008553-WELL 14,36.59596,-121.50203,-134192.0,-156827.3,10.4,1,
AGL020008554-WELL 20,36.59607,-121.59763,-142732.0,-156675.4,1.1,0,
AGL020008554-WELL 5,36.5993,-121.58585,-141673.6,-156334.2,0.95,0,
AGL020008556-WELL 1,36.64561,-121.58062,-141120.6,-151195.8,6.1,0,
AGL020008557-WELL 57,36.62009,-121.5653,-139799.8,-154054.4,85.5,1,
AGL020008558-WELL 55,36.62084,-121.56928,-140153.8,-153965.2,28.55,1,
AGL020008559-WELL 18,36.74347,-121.66251,-148240.5,-140195.9,0.61,0,
AGL020008559-WELL 31,36.74624,-121.66243,-148228.0,-139888.2,4.7,0,
AGL020008603-#2 ODELLO IRR,36.71504,-121.6779,-149668.5,-143331.1,22.9,1,
AGL020008603-2ODELLOIRR,36.715056,-121.677944,-149672.4,-143329.2,13.1,1,
AGL020008662-WELL #3,36.61798,-121.5584,-139187.5,-154299.0,195.02,1,
AGL020008662-WELL #3 AG,36.614009,-121.555361,-138923.3,-154744.7,14.39,1,
AGL020008762-AG_PORTO1,36.5008,-121.43897,-128719.1,-167489.2,59.2,1,
AGL020008762-AG_PORTO6,36.490535,-121.444558,-129236.4,-168622.3,13.43,1,
AGL020008762-AG_PORTO8,36.4956,-121.43454,-128331.6,-168073.1,42.7,1,
AGL020009002-DOLAN_WELL,36.8018,-121.7515333,-156057.8,-133570.9,2.4,0,
AGL020009042-BAJO,36.57298,-121.57627,-140866.5,-159273.2,13.6,1,
AGL020009043-POZZI,36.59328,-121.60405,-143310.7,-156975.8,13.3,1,
AGL020009044-PALMAS,36.60763,-121.64376,-146830.5,-155320.4,1.7,0,
AGL020009222-AG WELL 1,36.66982,-121.57456,-140535.0,-148514.4,25.8,1,
AGL020009222-AG WELL 6,36.66978,-121.57454,-140533.2,-148518.9,36.5,1,
AGL020009502-#2 SAROR IW,36.3019,-121.1672,-104682.2,-189925.5,3.25,0,
AGL020009522-#9 HOMEN,36.1964,-121.1451,-102841.8,-201672.3,23.7,1,
AGL020009522-HOMEN D/I,36.1923,-121.1569,-103907.1,-202115.0,5.6,0,
AGL020009562-TOM-A1,36.37657,-121.24496,-111546.9,-181539.7,4.52,0,
AGL020009562-TOM-D1,36.38002,-121.24263,-111333.1,-181159.0,25.6,1,
AGL020009563-RIV-A1,36.40906,-121.34619,-120565.1,-177805.5,27.99,1,
AGL020009563-RIV-A2,36.411368,-121.345671,-120515.0,-177549.7,9.92,0,
AGL020009563-RIV-D1,36.4113,-121.34628,-120569.6,-177556.4,6.9,0,
AGL020009582-METZ_WELL,36.41952,-121.290227,-115537.5,-176712.8,1.9,0,
AGL020009782-RED P1 WELL,36.29919,-121.20261,-107861.6,-190187.0,21.2,1,
AGL020009782-RED P2 WELL,36.3057,-121.1783,-105672.4,-189491.0,5.6,0,
AGL020009782-RED P3 WELL,36.2998047105786,-121.200013160706,-107627.9,-190121.6,12.2,1,
AGL020009782-REDP2WELL,36.296825,-121.208534,-108396.3,-190443.0,3.3,0,
AGL020010162-AG_WELL,36.17053,-121.05384,-94678.0,-204641.8,0.2,0,
AGL020010222-HUDSON DOM,36.35877,-121.25268,-112264.7,-183508.5,52.1,1,
AGL020010222-HUDSON SN,36.349852,-121.262611,-113167.8,-184487.6,39.5,1,
AGL020010222-WELL #1,36.35294,-121.26718,-113572.7,-184139.0,17.95,1,
AGL020010223-MASSA #1,36.72322,-121.67986,-149827.2,-142419.0,0.9,0,
AGL020010223-MASSA #2,36.36241,-121.24873,-111905.4,-183108.7,3.5,0,
AGL020010224-HOU SAR QVF,36.3346,-121.2304,-110302.9,-186220.3,90.0,1,
AGL020010224-HOUSAR_QVF,36.33494,-121.23022,-110286.3,-186182.8,115.0,1,
AGL020010224-SARGENT6,36.33524,-121.22571,-109881.6,-186154.7,46.45,1,
AGL020010226-HMOR_QVF,36.34285,-121.23682,-110866.5,-185296.1,112.0,1,
AGL020010226-HOUSE MOR QVF,36.3432,-121.2364,-110828.3,-185257.7,98.9,1,
AGL020010226-MORGANTINI #4,36.340225,-121.240431,-111193.9,-185583.6,47.4,1,
AGL020010462-CRAN AG,36.71042,-121.70704,-152276.8,-143798.1,1.48,0,
AGL020010482-HOME WELL,36.68248,-121.67879,-149812.0,-146947.9,31.83,1,
AGL020010483-PUMP 1,36.69392,-121.71593,-153102.9,-145617.3,0.77,0,
AGL020010483-PUMP 2,36.69748,-121.7096,-152531.1,-145231.9,2.33,0,
AGL020010823-SOUTH,36.33443,-121.31731,-118094.0,-186134.5,29.25,1,
AGL020010824-CHAVEZ,36.58066,-121.45368,-129898.8,-158594.8,1.7,0,
AGL020010824-DANNYS 1,36.58199,-121.47806,-132074.9,-158413.3,37.6,1,
AGL020010824-DANNYS 2,36.5794444,-121.476111,-131905.2,-158698.9,23.95,1,
AGL020010824-DANNYS OHB,36.584142,-121.455054,-130015.6,-158206.0,3.9,0,
AGL020010824-PEDRO,36.58756,-121.45657,-130145.3,-157824.1,2.8,0,
AGL020010824-RACHYL,36.58255,-121.45441,-129960.8,-158383.8,4.1,0,
AGL020010825-CARLOS,36.55055,-121.44425,-129107.2,-161953.7,109.5,1,
AGL020010825-CYPRESS 1,36.5533333,-121.4491667,-129542.0,-161637.7,54.8,1,
AGL020010825-CYPRESS 2,36.5508333,-121.4480556,-129446.9,-161917.0,40.4,1,
AGL020010825-CYPRESS OHB,36.5505333,-121.4442,-129102.8,-161955.6,92.1,1,
AGL020010825-CYPR_GRAVA,36.5535232,-121.4491851,-129543.3,-161616.6,68.0,1,
AGL020010825-GRAVA_DEEP,36.55083,-121.44822,-129461.6,-161917.2,53.4,1,
AGL020010825-SANTALUCIA,36.55349,-121.44919,-129543.8,-161620.2,85.8,1,
AGL020010826-DOMESTIC,36.550546,-121.444316,-129113.1,-161954.0,5.0,0,
AGL020010826-SANTA LUCIA,36.54888889,-121.4355556,-128332.8,-162150.1,63.7,1,
AGL020010826-SANTALUCIA,36.55347,-121.44919,-129543.8,-161622.5,66.8,1,
AGL020010826-SL SHOP,36.54911,-121.4356,-128336.4,-162125.4,5.6,0,
AGL020010827-REDDING,36.295,-121.2033333,-107932.4,-190651.7,7.1,0,
AGL020010828-AVILA AW,36.003325,-120.9157167,-82448.7,-223348.5,1.35,0,
AGL020010828-AVILA DW,35.9955556,-120.91,-81942.3,-224216.7,2.4,0,
AGL020011482-3485-10,36.105706,-121.012838,-91071.5,-211884.5,5.5,0,
AGL020011482-CCGC_0391,36.1071,-121.0101275,-90826.1,-211732.3,29.1,1,
AGL020011483-3305-002,36.099593,-121.0067701,-90533.1,-212569.6,0.2,0,
AGL020011483-SAN LUC W3,36.105573,-121.013337,-91116.5,-211898.8,0.2,0,
AGL020011484-3314-005,36.09928,-121.00339,-90229.5,-212607.6,0.0,0,
AGL020011484-3486-011,36.1052232,-121.0140422,-91180.3,-211937.0,2.7,0,
AGL020011484-3486-012,36.10475,-121.01494,-91261.6,-211988.7,0.2,0,
AGL020011542-NIEL_SOUTH,36.74745,-121.72359,-153678.2,-139656.4,2.56,0,
AGL020011562-DOM_NIELSE,36.74606,-121.73957,-155105.6,-139784.8,16.12,1,
AGL020011568-R14_BLK19,36.71732,-121.6945,-151144.6,-143051.4,17.3,1,
AGL020011568-WELL D,36.71771,-121.69451,-151144.7,-143008.0,17.4,1,
AGL020011569-DOM_SANJON,36.72218,-121.69636,-151300.8,-142508.3,40.28,1,
AGL020011571-AG_JON_G,36.71644,-121.69924,-151569.1,-143141.6,0.65,0,
AGL020011571-AG_SJON_MA,36.7165,-121.6993167,-151575.8,-143134.8,0.37,0,
AGL020011571-DOM,36.7221863,-121.6963576,-151300.6,-142507.6,42.3,1,
AGL020011571-G-MARTINS,36.71647,-121.69917,-151562.8,-143138.4,1.0,0,
AGL020011571-R14_BLK19,36.7177167,-121.68445,-150247.5,-143023.3,13.5,1,
AGL020011573-DOM_M_HILL,36.7511833,-121.79465,-160005.4,-139123.9,0.38,0,
AGL020011575-DOM_M_HILL,36.75119,-121.794467,-159989.1,-139123.5,0.2,0,
AGL020011582-DOM_PRESTO,36.757204,-121.76254,-157130.5,-138508.6,0.2,0,
AGL020011584-DOM_DESAN,36.7862167,-121.76505,-157294.2,-135280.3,0.05,0,
AGL020011782-WELL AG,36.4165,-121.32851,-118970.2,-177001.1,33.69,1,
AGL020011782-WELL DOM,36.41636,-121.32823,-118945.3,-177017.0,34.1,1,
AGL020011783-WELL 2,36.08623,-120.94988,-85432.3,-214107.1,67.2,1,
AGL020011783-WELL 3,36.0892,-120.95401,-85800.4,-213773.4,61.75,1,
AGL020011783-WELL 4,36.07395,-120.93812,-84388.2,-215482.0,92.21,1,
AGL020011783-WELL DOM,36.073904,-120.93805,-84381.9,-215487.2,108.0,1,
AGL020011784-WELL 2 AG,36.43063,-121.34846,-120734.3,-175405.7,21.16,1,
AGL020011784-WELL 3 AG,36.43356,-121.3511,-120966.0,-175076.8,37.7,1,
AGL020011784-WELL DOM 1,36.43122,-121.34762,-120658.2,-175341.2,30.59,1,
AGL020011784-WELL DOM 2,36.43557,-121.3531,-121141.9,-174850.9,56.9,1,
AGL020011784-WELL3 AG,36.43369,-121.35108,-120964.0,-175062.3,38.0,1,
AGL020011785-WELL 2 AG,36.43476,-121.33851,-119837.0,-174959.4,19.0,1,
AGL020011785-WELL 3 AG,36.43627,-121.3373,-119726.3,-174793.1,18.4,1,
AGL020011785-WELL 5,36.43866,-121.34521,-120430.7,-174517.5,21.04,1,
AGL020011785-WELL DOM,36.43903,-121.34637,-120533.9,-174475.0,38.15,1,
AGL020011786-WELL 1,36.28075,-121.19298,-107023.8,-192246.9,7.7,0,
AGL020011786-WELL 2,36.2841,-121.19432,-107139.3,-191873.1,6.6,0,
AGL020011786-WELL DOM,36.28081,-121.19281,-107008.4,-192240.4,9.4,0,
AGL020011787-WELL 1 AG,36.34394,-121.31932,-118259.5,-185075.3,31.7,1,
AGL020011787-WELL DOM,36.34362,-121.31938,-118265.3,-185110.8,68.1,1,
AGL020011787-WELL1 AG,36.34386,-121.31946,-118272.1,-185084.0,47.35,1,
AGL020011788-WELL 1,36.34778,-121.27884,-114625.5,-184698.3,10.95,1,
AGL020011788-WELL 2,36.35406,-121.274,-114182.3,-184006.4,43.31,1,
AGL020011788-WELL DOM 1,36.34899,-121.27554,-114327.9,-184567.9,9.83,0,
AGL020011788-WELL DOM 2,36.3519,-121.2701,-113836.0,-184251.1,30.11,1,
AGL020011789-WELL AG,36.431032,-121.335682,-119589.7,-175377.2,19.36,1,
AGL020011789-WELL AG 1,36.43106,-121.33674,-119684.3,-175372.8,20.6,1,
AGL020011789-WELL AG 2,36.43204,-121.33644,-119656.0,-175264.3,19.0,1,
AGL020011789-WELL DOM,36.43245,-121.33372,-119411.8,-175222.1,15.41,1,
AGL020011790-WELL AG,36.56126,-121.55281,-138791.5,-160610.2,4.82,0,
AGL020011790-WELL AG 1,36.56123,-121.55293,-138802.3,-160613.3,1.05,0,
AGL020011790-WELL AG 2,36.55786,-121.55232,-138753.9,-160988.7,9.0,0,
AGL020011790-WELL DOM,36.56118,-121.5528,-138790.7,-160619.1,4.78,0,
AGL020011791-WELL AG,36.55381,-121.54987,-138542.3,-161442.3,22.44,1,
AGL020011791-WELL AG 2,36.53686,-121.54202,-137871.2,-163337.3,31.6,1,
AGL020011791-WELL AG 3,36.54417,-121.54671,-138277.3,-162518.2,17.3,1,
AGL020011792-WELL 2,36.43474,-121.33853,-119838.8,-174961.6,18.8,1,
AGL020011793-WELL 1 AG,36.45269,-121.36758,-122410.7,-172929.9,81.5,1,
AGL020011793-WELL 2,36.454614,-121.370459,-122665.3,-172712.4,84.2,1,
AGL020011793-WELL 2 AG,36.45479,-121.37031,-122651.7,-172693.0,73.8,1,
AGL020011793-WELL DOM,36.45739,-121.36063,-121781.2,-172416.5,80.08,1,
AGL020011795-WELL 1 AG,36.44082,-121.33591,-119594.8,-174289.3,3.01,0,
AGL020011795-WELL DOM,36.44645,-121.3321,-119244.9,-173668.5,9.26,0,
AGL020011796-WELL 2,36.08622,-120.9501,-85452.1,-214108.0,36.99,1,
AGL020012107-SCHULTZ,36.733479,-121.745841,-155690.5,-141172.6,2.5,0,
AGL020012422-R1 W12,36.6129301,-121.6355402,-146086.2,-154744.1,0.9,0,
AGL020012422-R1-YARD 2E,36.6244191,-121.6269739,-145299.2,-153480.6,0.37,0,
AGL020012423-R4S W4,36.4879778,-121.4606278,-130678.3,-168884.4,1.1,0,
AGL020012424-VOSTI 4 W2,36.4929497,-121.4490824,-129637.0,-168347.8,1.7,0,
AGL020012424-VOSTI4YARD,36.5014174,-121.4440258,-129170.3,-167413.8,31.83,1,
AGL020012443-R7S W6,36.5101487,-121.4251477,-127467.2,-166469.1,2.7,0,
AGL020012444-R7-W5,36.5226056,-121.4342472,-128260.1,-165072.5,11.51,1,
AGL020012444-R7N W3,36.5165868,-121.4332889,-128184.5,-165742.7,9.8,0,
AGL020012462-FONTES_12,36.700456,-121.717406,-153221.4,-144888.6,0.15,0,
AGL020012462-FONTES_12Y,36.693515,-121.720095,-153475.3,-145655.6,19.81,1,
AGL020012463-R12 W20,36.6902889,-121.7071194,-152324.2,-146035.0,10.76,1,
AGL020012463-YARD,36.6902908,-121.7071304,-152325.1,-146034.8,0.2,0,
AGL020012463-YARD CUNN,36.6901806,-121.7074844,-152356.9,-146046.5,0.2,0,
AGL020012464-R15-D,36.632351,-121.5863981,-141661.1,-152660.6,9.3,0,
AGL020012464-R15-W4,36.6448697,-121.5838339,-141408.9,-151273.2,5.28,0,
AGL020012465-R22-W1,36.6597351,-121.5656656,-139759.7,-149648.2,13.68,1,
AGL020012483-R7A_P19,36.5370186,-121.4269518,-127583.6,-163480.8,24.5,1,
AGL020012502-R7 W5,36.5226405,-121.4341446,-128250.8,-165068.8,21.9,1,
AGL020012502-R7A W20,36.538725,-121.4253056,-127433.6,-163293.4,12.28,1,
AGL020012502-R7A_P19,36.5369806,-121.4270972,-127596.7,-163484.8,24.61,1,
AGL020012502-R9_W19,36.53701,-121.4270407,-127591.6,-163481.6,10.9,1,
AGL020012504-R10 W12,36.3313972,-121.30795,-117259.6,-186483.2,0.22,0,
AGL020012664-AG_WELL_C,36.77266,-121.75994,-156866.8,-136795.3,0.3,0,
AGL020012703-SCHIPPER,36.35752,-121.22078,-109407.8,-183684.7,8.08,0,
AGL020012706-BINSACA,36.38433,-121.35596,-121479.4,-180541.0,38.28,1,
AGL020012707-VOSTI,36.38605,-121.35901,-121749.8,-180345.9,33.57,1,
AGL020012708-DECARLI,36.40058,-121.34108,-120120.8,-178754.2,15.13,1,
AGL020012883-AG_WELL_PR,36.61181,-121.5457,-138064.4,-155003.2,1.65,0,
AGL020013048-WELL 26,36.664,-121.58109,-141128.5,-149151.5,5.15,0,
AGL020013062-R11 W5,36.4131671,-121.3924271,-124699.1,-177289.3,49.17,1,
AGL020013063-R11 W7,36.4281639,-121.384475,-123962.7,-175633.3,0.5,0,
AGL020013091-WELL 30,36.03423,-120.92685,-83417.6,-219905.1,7.85,0,
AGL020013091-WELL 4,36.03876,-120.93001,-83697.0,-219399.0,11.4,1,
AGL020013342-AG_VAUGHN3,36.68937,-121.698271,-151536.5,-146151.3,17.51,1,
AGL020013402-WELL_AG,36.59552,-121.62156,-144870.7,-156700.2,3.7,0,
AGL020013402-WELL_DOM,36.58902,-121.62153,-144880.4,-157422.6,1.4,0,
AGL020013402-WELL_DOMR,36.59603,-121.62154,-144867.9,-156643.6,25.85,1,
AGL020013402-WELL_DOMRENTAL,36.595596,-121.619782,-144711.7,-156694.5,20.75,1,
AGL020013403-WELL_AG,36.59142,-121.62624,-145296.6,-157148.7,2.5,0,
AGL020013404-WELL_DOM,36.55367,-121.54479,-138088.4,-161465.3,0.4,0,
AGL020013405-WELL #4,36.56092,-121.54222,-137845.6,-160663.4,9.2,0,
AGL020013405-WELL_AG_3,36.56156,-121.54609,-138190.3,-160586.6,3.45,0,
AGL020013407-WELL_DOM,36.5537,-121.491,-133280.5,-161538.9,66.5,1,
AGL020013408-WELL_AG_2,36.55356,-121.48496,-132740.9,-161563.0,13.1,1,
AGL020013408-WELL_DOM,36.55374,-121.491,-133280.5,-161534.5,79.8,1,
AGL020013410-NEWDOM,36.51165,-121.46437,-130972.4,-166248.8,5.2,0,
AGL020013410-WELL_AG_2,36.510277,-121.459038,-130497.9,-166408.7,10.8,1,
AGL020013410-WELL_AG_HM,36.51024,-121.45905,-130499.1,-166412.8,5.2,0,
AGL020013410-WELL_OLDDOM,36.511802,-121.4641,-130948.0,-166232.3,23.0,1,
AGL020013483-AW 1,36.63503,-121.6767,-149718.8,-152224.1,0.4,0,
AGL020013483-AW 2,36.63694444,-121.6686111,-148992.8,-152024.1,0.55,0,
AGL020013483-AW 3,36.63511,-121.6767,-149718.6,-152215.2,0.6,0,
AGL020013483-WELL 1,36.63707,-121.66873,-149003.2,-152010.0,0.4,0,
AGL020013483-WELL 3,36.63708,-121.66872,-149002.3,-152008.9,0.15,0,
AGL020013485-AW 1,36.702519,-121.709021,-152469.3,-144672.9,1.01,0,
AGL020013485-AWNEW_WELL,36.70231,-121.71197,-152732.8,-144691.4,0.2,0,
AGL020013485-AW_NEW_WELL,36.702161,-121.71201,-152736.7,-144707.9,0.3,0,
AGL020013485-DW,36.70333,-121.7093,-152492.6,-144582.3,27.3,1,
AGL020013486-AW 1,36.71138889,-121.7394444,-155165.1,-143637.9,0.55,0,
AGL020013486-AW 2,36.710835,-121.743867,-155560.7,-143692.2,3.2,0,
AGL020013486-DW,36.71151,-121.73961,-155179.7,-143624.1,0.12,0,
AGL020013564-AG WELL 1,36.33525,-121.24162,-111307.8,-186135.0,55.0,1,
AGL020013564-AG WELL 2,36.32994,-121.22945,-110224.5,-186739.3,73.65,1,
AGL020013665-WELL #4,36.73178,-121.67239,-149144.3,-141479.5,4.3,0,
AGL020013668-WELL,36.73085,-121.68786,-150525.6,-141558.4,21.6,1,
AGL020013670-I-W4,36.6934834,-121.7296968,-154332.0,-145643.5,0.2,0,
AGL020013670-WELL 2,36.69528,-121.734818,-154785.2,-145435.5,5.2,0,
AGL020013895-ANDER2_I,36.74601,-121.61258,-143784.0,-139990.5,9.32,0,
AGL020013895-ANDER4_D,36.75094,-121.60906,-143460.9,-139448.0,12.36,1,
AGL020013895-CCGC_0178,36.75096,-121.60908,-143462.6,-139445.7,11.75,1,
AGL020014062-DOMESTIC,35.90108,-120.91499,-82492.9,-234708.6,15.15,1,
AGL020014062-SUNSET 1,35.87686,-120.89101,-80356.3,-237419.9,0.42,0,
AGL020014062-SUNSET 3,35.87683,-120.89098,-80353.7,-237423.3,0.35,0,
AGL020014062-SUNSET DOM 1,35.90102,-120.91522,-82513.7,-234715.0,9.15,0,
AGL020014062-SUNSET IRR 3,35.876858,-120.891094,-80363.9,-237420.1,0.05,0,
AGL020014162-AG WELL,36.29639,-121.29521,-116170.7,-190388.7,2.4,0,
AGL020014162-DOMESTIC,36.29004,-121.29172,-115867.3,-191098.5,15.9,1,
AGL020014362-ESPOS,36.59514,-121.50649,-134591.9,-156912.1,52.9,1,
AGL020014362-ESPRES,36.59003,-121.50646,-134598.2,-157480.0,43.3,1,
AGL020014362-ESPSHOP,36.59853,-121.51307,-135173.7,-156526.0,32.5,1,
AGL020014363-SOM,36.59676,-121.55285,-138730.4,-156665.2,1.66,0,
AGL020014364-WAL,36.6138,-121.52026,-135788.7,-154818.8,101.0,1,
AGL020014364-WAL DOM,36.6184,-121.51678,-135469.8,-154312.6,85.2,1,
AGL020014625-KR_IRR_DIESEL,36.729953,-121.623686,-144804.7,-141758.0,6.98,0,
AGL020014625-KR_IRR_ELECTRIC,36.729302,-121.625396,-144958.5,-141827.8,13.85,1,
AGL020014763-QUATRIN1_I,36.69139,-121.67579,-149526.8,-145962.5,25.64,1,
AGL020014764-CCGC_0116,36.63352,-121.56473,-139724.3,-152562.8,4.1,0,
AGL020014769-FC NORTH,36.33574,-121.31741,-118100.9,-185988.9,5.2,0,
AGL020014770-WELL #3,36.577431,-121.474754,-131787.4,-158924.6,17.29,1,
AGL020014770-WELL D,36.570351,-121.488014,-132984.6,-159692.8,10.65,1,
AGL020014772-VANOLI D,36.309951,-121.227712,-110097.4,-188962.4,82.06,1,
AGL020014774-SILVIO D,36.46255,-121.45076,-129838.8,-171723.6,0.2,0,
AGL020014776-WELL #1,36.48505,-121.41833,-126899.2,-169267.2,0.8,0,
AGL020014778-WELL #1,36.49549,-121.39679,-124955.0,-168135.7,5.6,0,
AGL020014780-DOM WELL,36.43994,-121.43185,-128184.4,-174261.7,2.95,0,
AGL020014780-WELL #1,36.43807,-121.43076,-128090.0,-174471.0,3.5,0,
AGL020014781-WELL #2,36.5040345,-121.4738489,-131833.3,-167081.9,1.63,0,
AGL020014782-WELL #1,36.4789155,-121.4092385,-126095.9,-169961.1,11.1,1,
AGL020014783-TURRI D,36.5602639,-121.5064636,-134651.1,-160787.7,13.2,1,
AGL020014783-WELL #1,36.5594551,-121.5074128,-134737.4,-160876.2,2.7,0,
AGL020014785-PUEBLO D,36.313876,-121.2326,-110530.1,-188520.6,66.05,1,
AGL020014786-SCHOOLWELL,36.318384,-121.234303,-110676.3,-188017.7,4.69,0,
AGL020014786-WELL #1,36.318384,-121.234303,-110676.3,-188017.7,22.78,1,
AGL020014790-HOUSE D,36.465804,-121.456758,-130370.0,-171353.7,11.61,1,
AGL020014790-WELL #1,36.47298,-121.45707,-130385.6,-170555.9,15.6,1,
AGL020014790-YARD D,36.46862,-121.4588,-130547.9,-171038.0,8.0,0,
AGL020014791-BLAIR D,36.36966,-121.287463,-115365.3,-182256.6,10.91,1,
AGL020014791-DOM WELL,36.369457,-121.2873948,-115359.5,-182279.3,0.4,0,
AGL020014791-WELL #1,36.3684851,-121.2869288,-115319.2,-182387.8,3.15,0,
AGL020014794-BLOOM D,36.48506,-121.41725,-126802.5,-169267.6,76.7,1,
AGL020014794-WELL #1,36.4827,-121.41477,-126584.6,-169533.1,0.66,0,
AGL020014794-WELL#1,36.4827433,-121.414791,-126586.4,-169528.3,0.8,0,
AGL020014796-HOUSE D,36.49058,-121.42017,-127054.6,-168650.3,4.35,0,
AGL020014796-WELL #1,36.48892,-121.42291,-127302.5,-168831.1,1.81,0,
AGL020014842-AG_AZEVEDO,36.84725,-121.7501833,-155844.2,-128522.3,1.46,0,
AGL020014842-AZEVEDO_1,36.8468056,-121.7497222,-155804.1,-128572.5,0.99,0,
AGL020014842-AZEVEDO_2,36.8456306,-121.7485278,-155700.2,-128705.0,0.18,0,
AGL020014882-AG2_THOKLE,36.704909,-121.5895581,-141808.1,-144592.7,36.17,1,
AGL020014882-AG3_THOKLE,36.7048778,-121.5895389,-141806.4,-144596.2,9.76,0,
AGL020014885-AG_MERDIAN,36.788285,-121.705463,-151980.5,-135147.7,5.75,0,
AGL020014885-AG_MERIDIAN,36.78535,-121.70242,-151715.2,-135478.7,4.2,0,
AGL020014885-MERIDIAN #3,36.7852851,-121.7024245,-151715.7,-135485.9,2.3,0,
AGL020014885-MERIDIAN_2,36.7856639,-121.7130056,-152657.8,-135426.8,8.64,0,
AGL020014885-MERIDIAN_3,36.7853056,-121.7024083,-151714.2,-135483.7,1.89,0,
AGL020014885-WELL_2,36.78568,-121.713,-152657.3,-135425.0,8.9,0,
AGL020014954-GH22-03,36.58823,-121.56516,-139845.7,-157595.0,2.0,0,
AGL020014956-GH23-10,36.57868,-121.47547,-131849.2,-158784.8,22.5,1,
AGL020014956-GH23-9,36.5795539,-121.4760725,-131901.5,-158686.8,29.0,1,
AGL020015371-AG_GIACOM2,36.7718917,-121.6774778,-149519.1,-137013.9,0.36,0,
AGL020015371-AG_GIACOMA,36.7666167,-121.6743167,-149247.7,-137605.1,2.67,0,
AGL020015372-AG_RICCA,36.7602729,-121.6146837,-143944.6,-138402.3,6.47,0,
AGL020015502-AG_SALMIN7,36.42446,-121.33127,-119204.9,-176113.1,28.18,1,
AGL020015522-AG_SARG7,36.54594,-121.48112,-132410.9,-162415.1,33.7,1,
AGL020015522-DOM_SAHOUS,36.54722,-121.48289,-132566.9,-162270.4,113.29,1,
AGL020015566-JFGRAVEL_D,36.32188,-121.26218,-113170.6,-187596.3,17.6,1,
AGL020015566-JFGRAVEL_I,36.32186,-121.26556,-113473.7,-187594.5,15.65,1,
AGL020015622-DELMONTE_JEF,36.7272626,-121.78003,-158752.0,-141806.7,0.25,0,
AGL020015622-DMONJEFF_D,36.7272464,-121.7799185,-158742.1,-141808.7,0.26,0,
AGL020015807-CCGC_0547,36.67162,-121.69472,-151255.0,-148129.5,0.4,0,
AGL020015807-TANUTALL_I,36.6647,-121.70017,-151755.1,-148889.7,0.2,0,
AGL020015810-FREYLOTG_I,36.4235667,-121.3398417,-119973.8,-176201.5,27.2,1,
AGL020015811-LOT24-33_I,36.6395655,-121.6639713,-148573.4,-151740.1,0.34,0,
AGL020015811-WELL #3,36.6349908,-121.6463348,-147007.7,-152276.0,7.5,0,
AGL020015811-WELL #4,36.6373729,-121.651787,-147489.9,-152002.8,0.8,0,
AGL020015884-AG_WILL34,36.47982,-121.43055,-128001.2,-169832.0,32.85,1,
AGL020015884-AG_WILL35,36.476914,-121.436128,-128505.2,-170147.4,0.76,0,
AGL020015884-MWRTN_SHOP,36.48348,-121.42021,-127070.0,-169439.2,54.45,1,
AGL020015885-AG_WILL35,36.47691,-121.43608,-128500.9,-170147.9,0.45,0,
AGL020015885-AG_WILL38,36.47697,-121.43606,-128499.0,-170141.2,1.1,0,
AGL020015885-AG_WILL51,36.469396,-121.436594,-128559.5,-170982.1,0.81,0,
AGL020015885-AG_WILL55,36.47385,-121.43995,-128852.3,-170482.6,19.0,1,
AGL020015886-AG_WELL72,36.46094,-121.4362,-128538.5,-171922.3,13.0,1,
AGL020015886-AG_WILL72,36.46096,-121.43619,-128537.6,-171920.1,12.42,1,
AGL020015908-AG WELL,36.007608,-120.9188,-82721.7,-222870.0,0.74,0,
AGL020015908-DOM WELL,36.0068,-120.9182,-82668.6,-222960.3,0.49,0,
AGL020015908-R16 L8,36.007565,-120.91878,-82720.0,-222874.8,0.6,0,
AGL020015944-WELL,36.68636,-121.67711,-149654.5,-146519.4,84.0,1,
AGL020015945-CCGC_0120,36.69397,-121.7014,-151806.5,-145635.1,5.3,0,
AGL020015982-AG WELL,36.30521,-121.25281,-112355.0,-189459.7,33.65,1,
AGL020015982-WELL,36.3053,-121.2529,-112362.9,-189449.6,25.5,1,
AGL020016042-WELL 1,36.69064,-121.64276,-146581.4,-146097.5,6.5,0,
AGL020016122-J-W2,36.6400239,-121.6405502,-146481.5,-151725.6,6.95,0,
AGL020016122-WELL 2,36.63995,-121.64058,-146484.3,-151733.8,5.6,0,
AGL020016163-WELL 1,36.32628,-121.25341,-112377.8,-187117.8,23.36,1,
AGL020016363-WELL1_I,36.688317,-121.681302,-150024.6,-146295.3,40.85,1,
AGL020016442-BACK_WELL,36.61995,-121.5151833,-135324.4,-154142.7,34.66,1,
AGL020016442-FRONT_DUAL,36.6208873,-121.5141645,-135231.8,-154040.0,57.65,1,
AGL020016624-MSJ QVFD,36.70869,-121.69944,-151602.3,-144002.5,1.3,0,
AGL020016624-MSJ QVFI,36.7086,-121.6995,-151607.9,-144012.4,0.3,0,
AGL020016642-#2 CN QVF,36.7584,-121.6924,-150875.8,-138489.6,5.7,0,
AGL020016682-DOMESTIC,36.139,-121.09218,-98162.7,-208106.1,2.45,0,
AGL020016682-LDR DOMESTIC,36.138663,-121.092158,-98161.2,-208143.6,6.0,0,
AGL020016762-MAIN IRR,36.850322,-121.738301,-154780.0,-128200.4,0.2,0,
AGL020016902-20-1,36.1928333,-121.0786389,-96877.7,-202138.6,15.7,1,
AGL020016902-20-2,36.1923611,-121.0778056,-96803.4,-202191.9,15.8,1,
AGL020016902-20-3,36.1909167,-121.0748333,-96538.3,-202355.4,0.52,0,
AGL020017082-41-W5-AME,36.264356,-121.183842,-106226.8,-194078.8,13.2,1,
AGL020017225-WELL 3,36.70768,-121.73048,-154373.1,-144064.7,0.2,0,
AGL020017226-DOM WELL,36.644119,-121.63385,-145875.5,-151280.9,2.81,0,
AGL020017226-WELL 2,36.63902,-121.62691,-145265.7,-151858.2,11.4,1,
AGL020017227-WELL 1,36.648659,-121.669647,-149062.4,-150720.7,0.54,0,
AGL020017228-DOM WELL,36.64937,-121.67254,-149319.2,-150637.1,0.2,0,
AGL020017228-WELL 1,36.64839,-121.67122,-149203.3,-150748.1,0.2,0,
AGL020017542-WILSONK3_I,36.5747,-121.46963,-131334.2,-159235.2,28.8,1,
AGL020017543-LKANTK11_I,36.56707,-121.48628,-132835.3,-160059.8,13.85,1,
AGL020017543-LKANTK19_I,36.5666545,-121.4760044,-131917.8,-160120.4,29.77,1,
AGL020017562-WELL 2,36.06591,-120.93629,-84232.4,-216376.9,8.65,0,
AGL020017562-WELL 3,36.0661,-120.93617,-84221.4,-216355.9,4.52,0,
AGL020017563-WELL 1,36.0521,-120.9207,-82844.8,-217925.1,109.35,1,
AGL020017563-WELL 2,36.05208,-120.92064,-82839.4,-217927.3,124.0,1,
AGL020017563-WELL DOM,36.05215,-120.92049,-82825.8,-217919.7,135.12,1,
AGL020017603-GH18-01,36.64893,-121.54208,-137674.0,-150883.5,15.05,1,
AGL020017603-GH18-02,36.6472617,-121.5421547,-137683.7,-151068.8,18.55,1,
AGL020017603-GH18-03,36.64512,-121.54215,-137687.2,-151306.8,21.9,1,
AGL020017603-GH18-DOM,36.649383,-121.5368755,-137208.6,-150840.7,5.4,0,
AGL020017642-RIANDA_2,36.478508,-121.47533,-132009.9,-169916.4,10.65,1,
AGL020017642-RIANDA_PUMP_1,36.481065,-121.470471,-131570.8,-169639.0,0.3,0,
AGL020017662-WELL,36.62916,-121.58512,-141552.9,-153017.1,61.0,1,
AGL020017663-CCGC_0118,36.69187,-121.70799,-152398.7,-145857.9,0.7,0,
AGL020017742-AG WELL 3,36.58861,-121.55389,-138838.2,-157569.4,2.0,0,
AGL020017742-DM WELL,36.59419,-121.5489,-138382.2,-156956.6,23.2,1,
AGL020017742-PRIMAGWELL,36.58336,-121.56197,-139569.7,-158140.9,5.9,0,
AGL020017922-AG_RCH1_P2,36.4454667,-121.3292333,-118989.8,-173781.4,8.17,0,
AGL020017922-AG_RCH1_P5,36.4454333,-121.3258667,-118688.5,-173789.3,7.02,0,
AGL020017922-SOLED_120,36.4454,-121.32594,-118695.1,-173792.9,8.4,0,
AGL020017922-WELL 5,36.4455,-121.32597,-118697.7,-173781.7,7.63,0,
AGL020017982-AG_GULARTE,36.7514667,-121.6702833,-148917.9,-139295.1,5.04,0,
AGL020017982-AG_WELL,36.74215,-121.67241,-149125.7,-140327.1,15.6,1,
AGL020017982-DOM_GULART,36.75,-121.6677167,-148691.9,-139462.1,65.26,1,
AGL020017982-DOM_WELL,36.75,-121.66773,-148693.1,-139462.1,70.5,1,
AGL020017982-PRIMARY_WELL,36.75146,-121.67031,-148920.3,-139295.8,9.65,0,
AGL020018062-BRM9LT45_I,36.3832425,-121.2609697,-112971.4,-180779.3,5.56,0,
AGL020018062-CCGC_0142,36.38762,-121.281964,-114845.6,-180267.6,6.05,0,
AGL020018762-DOMESTIC #1,36.190021,-121.070745,-96172.3,-202459.1,2.1,0,
AGL020018762-MISTRAL WELL #1,36.189794,-121.071303,-96222.7,-202483.8,2.1,0,
AGL020019642-CCGC_0117,36.69293,-121.75523,-156611.1,-145663.2,0.15,0,
AGL020019642-MARV-TER_D,36.692809,-121.756926,-156762.6,-145673.8,0.2,0,
AGL020019642-MARVIN AG,36.69284,-121.75532,-156619.3,-145673.0,0.2,0,
AGL020019644-SANDHIL1_I,36.69273,-121.77144,-158057.7,-145658.5,0.2,0,
AGL020019983-LOT1-8W2_I,36.688742,-121.7448741,-155695.7,-146145.6,0.2,0,
AGL020019984-TAWYNNE1_I,36.68712,-121.73519,-154835.0,-146341.7,2.2,0,
AGL020020062-R23 W1,36.5384889,-121.4502278,-129662.0,-163285.8,2.69,0,
AGL020020162-MCLASK_AG,36.39793,-121.35004,-120927.5,-179037.3,4.1,0,
AGL020020162-MCLASK_DOM,36.39751,-121.35042,-120962.2,-179083.5,22.54,1,
AGL020020702-AG_BRYGGMA,36.7294667,-121.6761167,-149481.1,-141730.7,1.44,0,
AGL020021083-#1 YOSHIDAPRI,36.738268,-121.611719,-143721.9,-140852.2,15.43,1,
AGL020021083-YOSH IRR1,36.738266,-121.611719,-143721.9,-140852.4,20.2,1,
AGL020021343-71898,36.61428,-121.57805,-140949.2,-154681.1,3.7,0,
AGL020021343-71899,36.61732,-121.58327,-141409.7,-154335.6,2.6,0,
AGL020021343-71900,36.61436,-121.58418,-141496.5,-154663.1,6.8,0,
AGL020021343-71901,36.61678,-121.59341,-142316.3,-154380.4,40.0,1,
AGL020021382-71902,36.62252,-121.60227,-143096.8,-153729.2,14.4,1,
AGL020021382-71903,36.62253,-121.60219,-143089.6,-153728.2,14.0,1,
AGL020021382-BLK 12,36.62218,-121.59967,-142865.2,-153770.9,16.9,1,
AGL020021382-FOW D1,36.6293,-121.59241,-142203.6,-152990.6,3.6,0,
AGL020021422-AG WELL,36.59242,-121.616813,-144452.5,-157052.0,5.62,0,
AGL020021563-WELL21_IRR,36.72406,-121.66307,-148328.3,-142352.0,4.25,0,
AGL020021582-PENNY_IRR,36.74196,-121.63135,-145465.2,-140412.0,3.05,0,
AGL020021763-0613-002,36.226102,-121.1373648,-102107.5,-198380.4,4.65,0,
AGL020021763-2015-002,36.22604,-121.13736,-102107.2,-198387.3,5.03,0,
AGL020021802-QUAIL RUN,36.54329,-121.43839,-128595.6,-162768.4,17.9,1,
AGL020021802-QUAIL RUN WELL,36.5444444,-121.4391667,-128663.1,-162639.1,16.6,1,
AGL020021842-ALANS VINE WELL,36.27195,-121.18511,-106330.0,-193233.5,11.25,1,
AGL020021842-WELL #12,36.27193,-121.185,-106320.2,-193235.9,18.2,1,
AGL020021965-FAJIO,36.570105,-121.570871,-140389.3,-159600.7,17.36,1,
AGL020021971-SIMON1_IRR,36.66423,-121.70258,-151971.2,-148938.1,0.34,0,
AGL020021977-HARTNELL,36.671635,-121.600173,-142817.4,-148274.4,20.7,1,
AGL020021982-HICKS_AG,36.5896167,-121.60575,-143469.5,-157380.3,2.6,0,
AGL020021982-HICKS_DUAL,36.70667,-121.588905,-141746.5,-144398.0,2.65,0,
AGL020022262-SELVA_PUMP,36.48266,-121.48283,-132673.7,-169444.5,15.45,1,
AGL020022302-WELL,36.7888695,-121.717703,-153069.9,-135063.0,2.6,0,
AGL020022744-CCGC_0584,36.72249,-121.69755,-151406.3,-142472.0,1.52,0,
AGL020022966-DEDAMPIERRE_AG,36.696665,-121.5909871,-141950.9,-145506.7,25.64,1,
AGL020022966-DEDAMPIERRE_D,36.70667,-121.588905,-141746.5,-144398.0,8.2,0,
AGL020022966-DEDAMPIERRE_D2,36.706572,-121.587412,-141613.5,-144411.1,8.2,0,
AGL020023022-TARP_WEST_AG_1,36.590545,-121.617307,-144500.2,-157259.6,4.6,0,
AGL020023022-TARP_WEST_DOM,36.59055,-121.617332,-144502.4,-157259.0,8.8,0,
AGL020023022-TARP_W_AG,36.59055,-121.617332,-144502.4,-157259.0,5.07,0,
AGL020023222-WELL,36.4785,-121.47543,-132018.9,-169917.1,15.22,1,
AGL020023282-WELL #1,36.38119,-121.35095,-121035.5,-180896.3,3.0,0,
AGL020023542-PIANETTA A,35.82191,-120.70592,-63709.7,-243665.2,1.45,0,
AGL020023942-MUTH IRR1,36.750961,-121.628263,-145172.8,-139416.4,1.0,0,
AGL020023942-MUTHER DOM,36.75066,-121.62763,-145116.9,-139450.8,1.6,0,
AGL020023942-MUTHER IRR,36.75097,-121.62819,-145166.3,-139415.5,0.8,0,
AGL020023942-MUTHER PRI#1,36.750961,-121.628263,-145172.8,-139416.4,0.8,0,
AGL020023982-WELL,36.629605,-121.548195,-138255.0,-153022.1,31.48,1,
AGL020024082-#3 CH QVF,36.759,-121.701,-151641.2,-138409.2,0.55,0,
AGL020025002-CARTAN WELL 1,35.85518255,-120.84989085,-76669.7,-239862.2,7.6,0,
AGL020025002-CARTAN_W1,35.86559,-120.85188,-76838.7,-238704.4,12.8,1,
AGL020025482-BV_WELL_1,35.85305556,-120.7185694,-64825.0,-240196.5,0.05,0,
AGL020025522-156_RANCH,36.78115,-121.69037,-150649.7,-135964.7,4.81,0,
AGL020026123-AG WELL,35.86332,-120.85449,-77076.4,-238954.5,3.0,0,
AGL020026123-PORTER WELL 2,35.8635265,-120.85429879,-77058.9,-238931.7,2.4,0,
AGL020026124-BUCHMAN WELL 3,35.85505556,-120.8498472,-76665.9,-239876.4,1.3,0,
AGL020026124-BUCHMAN_3,35.85518,-120.84995,-76675.0,-239862.4,3.8,0,
AGL020026602-COCPMP5_I,36.38364,-121.29391,-115921.7,-180695.3,25.93,1,
AGL020026647-AG_DAYTON,36.6809806,-121.5789833,-140909.1,-147267.6,48.27,1,
AGL020026647-DAYTONA #1,36.68233,-121.5766,-140693.9,-147121.2,55.65,1,
AGL020026647-DAYTONA #2,36.6835577,-121.5814196,-141121.7,-146977.6,62.0,1,
AGL020026647-DAYTON_AG1,36.6835833,-121.5814333,-141122.9,-146974.7,45.29,1,
AGL020026647-DAYTON_AG2,36.6822222,-121.5766667,-140700.0,-147133.0,63.6,1,
AGL020026783-HILLTOP_D,36.73384,-121.72079,-153456.0,-141173.3,77.47,1,
AGL020026802-AG WELL,36.80182,-121.7208931,-153328.0,-133618.7,9.4,0,
AGL020026802-DM WELL,36.8018152,-121.7209079,-153329.4,-133619.2,1.7,0,
AGL020026802-DUAL WELL,36.80184,-121.72085,-153324.2,-133616.5,3.8,0,
AGL020027223-WELL,36.74984,-121.68387,-150132.3,-139454.4,0.33,0,
AGL020027243-PORTBOT_A,36.667589,-121.7241953,-153893.5,-148530.0,0.2,0,
AGL020027303-TORRONI WELL,36.40642,-121.34982,-120894.4,-178094.2,13.2,1,
AGL020027303-TORRONI_AG,36.40636,-121.34975,-120888.2,-178101.0,19.02,1,
AGL020027303-TORRONI_D,36.40521,-121.35125,-121024.3,-178226.8,13.75,1,
AGL020027304-SILLIMAN_D,36.4083,-121.3581333,-121635.9,-177874.7,24.47,1,
AGL020027304-SILLIMA_AG,36.4082,-121.3616333,-121949.5,-177881.3,16.58,1,
AGL020027322-FERRAS DOM,36.40359,-121.37137,-122828.9,-178381.0,18.6,1,
AGL020027322-FERRAS DOM 301,36.40032,-121.36322,-122104.2,-178754.9,4.1,0,
AGL020027322-FERRAS3_AG,36.40137,-121.36584,-122337.2,-178634.8,8.91,0,
AGL020027322-FERRASCI DOM,36.403561,-121.371319,-122824.3,-178384.3,28.9,1,
AGL020027322-FERRASCI WELL 2,36.402996,-121.364501,-122214.6,-178455.8,9.4,0,
AGL020027322-FERRASCI WELL 3,36.401272,-121.365675,-122322.5,-178645.9,13.9,1,
AGL020027322-FERRASCI_D,36.4035667,-121.3712833,-122821.1,-178383.7,34.28,1,
AGL020027322-FERRAS_2DU,36.40296,-121.36445,-122210.1,-178459.9,29.24,1,
AGL020027364-AG WELL,36.29278,-121.28112,-114912.4,-190807.0,2.1,0,
AGL020027364-AG WELL 3,36.2928,-121.28122,-114921.3,-190804.6,2.3,0,
AGL020027364-DOM WELL,36.29313,-121.28156,-114951.3,-190767.6,0.8,0,
AGL020027384-TURN120,36.7247067,-121.7565856,-156666.6,-142129.7,1.8,0,
AGL020027384-TURN121,36.7202349,-121.7569772,-156710.7,-142626.0,3.2,0,
AGL020027402-71904,36.62112,-121.57566,-140723.1,-153924.6,1.1,0,
AGL020027402-71905,36.62083,-121.5758,-140736.1,-153956.6,17.2,1,
AGL020027404-BIANCHI,36.42909,-121.40579,-125869.5,-175502.3,43.95,1,
AGL020027404-RANCH 9,36.4288,-121.40614,-125901.3,-175534.0,4.65,0,
AGL020027405-AG WELL,35.86311,-120.86224,-77775.7,-238971.5,7.7,0,
AGL020027408-CCGC_0550,36.64276,-121.64684,-147037.8,-151411.8,7.32,0,
AGL020027408-TARP DOM,36.642789,-121.646775,-147031.9,-151408.7,7.4,0,
AGL020027408-TARPLOT3_I,36.64252,-121.64655,-147012.4,-151439.0,1.49,0,
AGL020027408-TARP_H_42,36.642512,-121.646429,-147001.6,-151440.0,1.2,0,
AGL020027420-R23HOOT P1,36.5416444,-121.4656583,-131036.1,-162913.9,13.45,1,
AGL020027422-CCGC_0545,36.46818,-121.46027,-130680.2,-171084.9,12.45,1,
AGL020027422-LEV,36.458208,-121.464723,-131095.8,-172186.8,13.05,1,
AGL020027447-DUNCAN_I,36.69146,-121.59231,-142078.7,-146083.1,8.25,0,
AGL020027482-LEONARDI #2,36.36281,-121.25537,-112499.8,-183056.4,0.2,0,
AGL020027482-LEONARDI DOM,36.363451,-121.255808,-112538.1,-182984.6,13.15,1,
AGL020027508-CCGC_0650,36.74254,-121.72749,-154035.8,-140195.7,68.62,1,
AGL020027508-CCGC_0651,36.7413,-121.73444,-154658.0,-140322.1,1.19,0,
AGL020027513-AG WELL,36.81751,-121.720919,-153298.7,-131875.0,3.25,0,
AGL020027513-AG_ELKHORN,36.8175,-121.7210667,-153311.9,-131875.9,2.16,0,
AGL020027551-AG_MORIMOT,36.74202,-121.68397,-150156.7,-140323.3,15.4,1,
AGL020027551-DOM WELL,36.741947,-121.6821483,-149994.4,-140334.3,0.2,0,
AGL020027616-WELL2_I,36.7389,-121.6492,-147062.6,-140724.5,4.6,0,
AGL020027644-156ORGNC_D,36.7812,-121.69039,-150651.4,-135959.1,4.1,0,
AGL020027686-SANCTUARY AG,36.29777778,-121.304444,-116996.7,-190223.1,0.2,0,
AGL020027686-SANCTUARY DOM,36.293333,-121.31111,-117601.4,-190708.8,4.8,0,
AGL020027692-DOM_KS01,36.8392667,-121.7261417,-153719.9,-129448.7,6.93,0,
AGL020027704-WILSON 122,36.10968,-121.02669,-92312.2,-211429.6,1.65,0,
AGL020027704-WILSON 130,36.10883,-121.02625,-92273.6,-211524.5,8.8,0,
AGL020027705-RESERVOIR,36.10176,-121.03619,-93175.9,-212300.3,2.82,0,
AGL020027705-WELL 8,36.10984,-121.02679,-92321.0,-211411.7,6.7,0,
AGL020027705-WILSON 121,36.10946,-121.02653,-92298.0,-211454.2,1.25,0,
AGL020027705-WILSON 131,36.10911,-121.02629,-92276.9,-211493.3,5.6,0,
AGL020027728-RIV AW 1,36.32743,-121.2995,-116508.1,-186934.4,0.3,0,
AGL020027737-AG WELL,36.33171,-121.228,-110091.9,-186544.3,44.7,1,
AGL020027738-AIRPORT,36.64977,-121.60748,-143510.7,-150693.2,29.2,1,
AGL020027750-WILLIAMS_1,36.66356,-121.55201,-138533.9,-149243.2,4.6,0,
AGL020027750-WILLIAMS_D,36.66523,-121.55298,-138617.4,-149056.2,7.45,0,
AGL020027753-WELL1,36.08998,-120.9836,-88460.7,-213659.5,4.2,0,
AGL020027794-KONDOLOT3_I,36.67206,-121.58247,-141236.7,-148253.7,15.9,1,
AGL020027795-SHOP1_D,36.75413,-121.61015,-143552.1,-139091.8,14.5,1,
AGL020027795-WELL1_I,36.75237,-121.61476,-143966.3,-139280.4,6.5,0,
AGL020027796-PISTLOT1_I,36.75617,-121.61038,-143568.7,-138864.8,9.0,0,
AGL020027805-PEDRAZZI_DOM,36.588717,-121.604386,-143349.3,-157482.3,1.4,0,
AGL020027805-PEDRAZZ_AG,36.5887,-121.60445,-143355.1,-157484.1,2.92,0,
AGL020027835-WELL #1,36.49345,-121.42151,-127169.7,-168329.6,39.1,1,
AGL020027836-AG WELL,36.49342,-121.421478,-127166.9,-168332.9,26.0,1,
AGL020027837-AG WELL,36.5319265,-121.4605653,-130597.5,-164000.9,33.05,1,
AGL020027837-WELL D,36.5346364,-121.4637088,-130873.9,-163695.4,3.3,0,
AGL020027846-SILACCI_1,36.687532,-121.575354,-140573.1,-146544.9,39.93,1,
AGL020027846-SILACCI_2,36.693451,-121.580624,-141032.4,-145879.3,71.51,1,
AGL020027873-WELL 2,36.71948,-121.78549,-159255.2,-142662.4,0.2,0,
AGL020027873-WELL 3,36.69969,-121.77962,-158772.9,-144871.4,0.2,0,
AGL020027893-HOBSON,36.551403,-121.45288,-129877.2,-161847.1,4.11,0,
AGL020027893-HOBSON DOM,36.560596,-121.444893,-129147.7,-160836.4,0.25,0,
AGL020027894-METZGER AG,36.561962,-121.453583,-129922.0,-160672.8,49.1,1,
AGL020027895-#4 CE QVF,36.77,-121.699,-151441.0,-137190.0,0.55,0,
AGL020027896-#5 CW QVF,36.7704,-121.7116,-152563.2,-137125.3,0.6,0,
AGL020027899-MORANDA_AG,36.40216,-121.37254,-122936.0,-178538.3,28.6,1,
AGL020027905-SILACL10_I,36.6875,-121.57539,-140576.4,-146548.4,50.09,1,
AGL020027905-SILACL13_I,36.69344,-121.58062,-141032.0,-145880.6,90.99,1,
AGL020027906-PUMP #2,36.586,-121.58775,-141868.1,-157809.3,1.2,0,
AGL020027906-R6P1_I,36.591784,-121.58793,-141873.4,-157166.3,4.0,0,
AGL020027906-R6PUMP1_I,36.59244,-121.58901,-141968.7,-157091.7,4.2,0,
AGL020027907-HARTLOT2_I,36.67164,-121.60025,-142824.3,-148273.8,22.18,1,
AGL020027931-MACCHIA 125,36.50168,-121.37391,-122898.4,-167477.8,1.95,0,
AGL020027931-MACCHIA 134,36.50248,-121.36912,-122468.7,-167395.1,6.0,0,
AGL020027931-MACCHIA125,36.501868,-121.373849,-122892.6,-167457.0,3.4,0,
AGL020027931-WELL,36.50188,-121.373882,-122895.6,-167455.6,5.2,0,
AGL020027931-WELL 10,36.50251,-121.36902,-122459.7,-167391.9,3.53,0,
AGL020027931-WELL 2,36.50184,-121.37393,-122899.9,-167460.0,3.64,0,
AGL020027938-AG_HOOKER1,36.53176,-121.47249,-131663.9,-164002.9,11.48,1,
AGL020027946-AG WELL,35.869147,-120.886942,-79997.5,-238280.2,2.9,0,
AGL020027950-DTRANCH_D,36.09139,-120.97196,-87412.3,-213513.6,18.95,1,
AGL020027950-DUGHI AG,36.09722,-120.98542,-88616.0,-212853.4,45.92,1,
AGL020027950-TAYLOR AG,36.09003,-120.97138,-87361.6,-213665.3,22.6,1,
AGL020027951-IV AG WELL,35.8704,-120.69519,-62701.8,-238285.3,2.31,0,
AGL020027951-IV DOM WELL,35.87097,-120.69437,-62627.4,-238222.5,1.96,0,
AGL020027959-AG_SPENCE,36.619418,-121.559517,-139284.6,-154137.6,1.91,0,
AGL020027969-LA REINA,36.46996,-121.46682,-131263.2,-170878.0,7.3,0,
AGL020027970-CHULAR DOM,36.54455,-121.55026,-138593.9,-162470.8,1.8,0,
AGL020027970-CHULAR W1,36.5464,-121.54968,-138538.7,-162266.0,6.1,0,
AGL020027974-BAILLIE_1,36.601433,-121.587554,-141821.9,-156094.6,3.72,0,
AGL020027974-BAILLIE_2,36.603327,-121.58352,-141458.0,-155890.1,5.64,0,
AGL020027974-BAILLIE_3,36.605972,-121.581224,-141248.0,-155599.6,9.8,0,
AGL020027974-BAILLIE_4,36.606454,-121.578821,-141032.5,-155549.7,7.7,0,
AGL020027975-R16_P1,36.602975,-121.5836667,-141471.8,-155929.0,3.88,0,
AGL020027978-AG_SETTRIN,36.72105,-121.6214167,-144619.3,-142750.9,6.04,0,
AGL020027978-SETTRINI #1,36.7210653,-121.6213537,-144613.7,-142749.3,5.5,0,
AGL020027979-SET WELL20,36.720909,-121.621448,-144622.4,-142766.5,12.0,1,
AGL020027986-AG WELL,36.572412,-121.491643,-133305.3,-159458.7,2.29,0,
AGL020027986-TURRI ORGANIC,36.5724004,-121.4916548,-133306.4,-159460.0,63.9,1,
AGL020028005-BUEN_DOM,36.5900572545088,-121.613325153442,-144145.4,-157319.8,3.74,0,
AGL020028007-FCWELL,36.52829,-121.418648,-126855.7,-164461.9,4.09,0,
AGL020028032-EADE AG,36.08941,-120.96622,-86898.3,-213738.9,21.25,1,
AGL020028035-24-DOM,36.36730556,-121.25925,-112840.8,-182552.2,9.4,0,
AGL020028035-R24-4,36.36911111,-121.2468333,-111725.6,-182366.3,1.9,0,
AGL020028035-R24-5,36.36777778,-121.2654722,-113397.7,-182492.3,0.35,0,
AGL020028035-R24-7,36.36883333,-121.2544444,-112408.0,-182388.1,4.15,0,
AGL020028048-TH-1,36.26788,-121.15224,-103386.5,-193722.1,53.7,1,
AGL020028093-DAYTON PRIM,36.682339,-121.576548,-140689.2,-147120.2,50.75,1,
AGL020028095-HOME DOM,36.64227,-121.665705,-148722.9,-151436.9,0.22,0,
AGL020028095-HOME IRR,36.642061,-121.66729,-148864.9,-151457.6,0.43,0,
AGL020028097-MACHADO DOM,36.664705,-121.680726,-150019.8,-148920.1,0.25,0,
AGL020028097-MACHADO IRR,36.664342,-121.681102,-150054.0,-148959.9,1.45,0,
AGL020028098-MALADORA DOM,36.721572,-121.622391,-144705.2,-142691.4,54.15,1,
AGL020028098-MALADORA PRI,36.723727,-121.628852,-145277.3,-142442.0,24.9,1,
AGL020028099-ABE DUAL,36.657347,-121.685755,-150483.1,-149729.8,0.25,0,
AGL020028101-LANINI DUAL,36.654479,-121.682188,-150170.4,-150054.2,0.35,0,
AGL020028103-TERAJI IRR,36.650494,-121.657545,-147978.5,-150535.7,0.18,0,
AGL020028112-RANCH2_D,36.32978,-121.25848,-112827.2,-186722.9,24.45,1,
AGL020028112-RANCH2_I,36.32684,-121.25661,-112663.9,-187051.8,21.25,1,
AGL020028120-AG_MADALO1,36.7070528,-121.6287972,-145304.3,-144295.1,19.83,1,
AGL020028122-AG_PEDRAZ1,36.5863528,-121.5984333,-142821.9,-157754.0,3.34,0,
AGL020028122-AG_PEDRAZ2,36.5862278,-121.5899611,-142065.2,-157780.6,1.29,0,
AGL020028122-AG_PEDRAZ3,36.5833972,-121.5916778,-142223.9,-158092.6,3.04,0,
AGL020028129-THOMPSON_DOM,36.6209,-121.575647,-140722.3,-153949.1,16.45,1,
AGL020028129-THOMPS_AG,36.6210275,-121.5755411,-140712.6,-153935.1,1.05,0,
AGL020028136-BARDIN_DUAL,36.575538,-121.586968,-141817.7,-158973.0,9.85,0,
AGL020028138-TARP_EAST,36.590543,-121.60734,-143609.8,-157274.9,2.44,0,
AGL020028194-MFBAILL1_I,36.724779,-121.760222,-156990.7,-142115.7,0.5,0,
AGL020028214-R30_DD_W1,36.694572,-121.589526,-141824.5,-145741.5,11.84,1,
AGL020028215-R31_LEO_W1,36.597673,-121.626505,-145308.3,-156453.4,3.85,0,
AGL020028216-R32_PED_W1,36.588077,-121.603927,-143309.5,-157554.1,2.99,0,
AGL020028217-R33_TARPW1,36.590636,-121.607601,-143632.9,-157264.2,2.13,0,
AGL020028234-R9 DM WELL,36.549,-121.48837,-133053.6,-162064.9,12.4,1,
AGL020028234-R9 P1 WELL,36.54618,-121.49124,-133315.1,-162374.3,12.2,1,
AGL020028235-HOUSEFRONT_I,36.69368,-121.58317,-141259.1,-145850.1,55.7,1,
AGL020028236-VALLYLOT6_I,36.76102,-121.60661,-143223.5,-138331.5,39.2,1,
AGL020028238-R8_W1,36.5616761,-121.482589,-132514.9,-160664.4,4.73,0,
AGL020028238-R8_W2,36.5532915,-121.4861395,-132846.8,-161591.2,6.05,0,
AGL020028240-BRAZIL1_I,36.72024,-121.60867,-143484.0,-142860.2,14.91,1,
AGL020028240-BRAZIL2_I,36.72249,-121.60516,-143166.8,-142615.5,27.1,1,
AGL020028240-BRAZIL3_I,36.72672,-121.6013,-142814.6,-142151.3,17.04,1,
AGL020028240-RIVER1_I,36.6224,-121.68372,-150370.5,-153616.5,11.12,1,
AGL020028240-RIVER2_I,36.62347,-121.68157,-150176.4,-153501.0,17.83,1,
AGL020028241-HARRIS_TUR,36.57953,-121.4761,-131904.0,-158689.4,27.1,1,
AGL020028252-WELL 2,36.7109,-121.605902,-143254.7,-143902.4,17.0,1,
AGL020028257-WELL,36.30405,-121.22769,-110103.9,-189618.1,20.5,1,
AGL020028278-DUDGEON_AG,36.40265,-121.34344,-120328.9,-178521.2,14.45,1,
AGL020028278-DUDGEON_D,36.404753,-121.343844,-120361.8,-178287.0,19.1,1,
AGL020028284-TAWYNNE1_I,36.68715,-121.73519,-154835.0,-146338.4,0.57,0,
AGL020028284-WELL #1,36.6870783,-121.7351638,-154832.8,-146346.4,0.1,0,
AGL020028288-AG WELL 1,36.6798711,-121.5869396,-141621.1,-147379.0,34.9,1,
AGL020028288-AG WELL 2,36.67985,-121.587,-141626.5,-147381.3,14.5,1,
AGL020028288-DOM WELL,36.68173,-121.59149,-142023.7,-147165.6,38.4,1,
AGL020028289-AG WELL,36.6747,-121.59141,-142029.6,-147947.0,11.15,1,
AGL020028290-S-1,36.28594,-121.17502,-105405.5,-191690.3,92.63,1,
AGL020028315-#2BAILIE IRR,36.603247,-121.583597,-141465.0,-155898.9,6.4,0,
AGL020028328-RIV WELL,36.49252,-121.49277,-133545.8,-168334.9,4.2,0,
AGL020028337-WELL,35.97929,-120.9009,-81140.1,-226031.7,0.2,0,
AGL020028358-AG WELL,36.6200516,-121.5010935,-134066.0,-154151.4,54.8,1,
AGL020028368-DOLE,36.597363,-121.52433,-136181.6,-156639.6,1.98,0,
AGL020028368-DOLE 1,36.4405,-121.34977,-120836.0,-174307.3,2.0,0,
AGL020028385-WELL,36.34206,-121.28169,-114889.5,-185330.5,2.49,0,
AGL020028385-WELL 2,36.33725,-121.28384,-115089.4,-185862.4,1.0,0,
AGL020028385-ZAB-DOM,36.34217,-121.28168,-114888.4,-185318.3,12.8,1,
AGL020028399-NORTH WELL,36.4976493,-121.502276,-134387.1,-167751.5,15.9,1,
AGL020028399-WELL_3,36.48674,-121.49634,-133875.3,-168972.2,28.7,1,
AGL020028408-BULLVINE_I,36.57486,-121.49247,-133374.9,-159185.5,7.27,0,
AGL020028412-WELL 1,36.659095,-121.57784,-140847.5,-149701.4,6.35,0,
AGL020028428-WELL,36.74656,-121.69444,-151081.1,-139802.1,0.9,0,
AGL020028432-AG WELL,36.6000102,-121.6034318,-143242.8,-156228.8,2.5,0,
AGL020028432-DOM WELL,36.59863,-121.60402,-143298.0,-156381.3,0.17,0,
AGL020028433-DOM WELL,36.79884,-121.69334,-150879.3,-133994.1,11.95,1,
AGL020028433-WELL1,36.7985,-121.694,-150938.8,-134030.8,3.85,0,
AGL020028443-DOM WELL,36.6687521434774,-121.697153404755,-151477.8,-148444.3,0.15,0,
AGL020028446-NAKAGA_DOM,36.80154,-121.7212,-153355.9,-133649.3,3.22,0,
AGL020028446-NAKAGA_IRR,36.8011,-121.71639,-152928.3,-133706.0,21.28,1,
AGL020028453-SUNKENNR_D,36.28653,-121.23879,-111124.8,-191551.9,51.55,1,
AGL020028453-SUNKENNR_I,36.29485,-121.24023,-111241.9,-190625.7,6.75,0,
AGL020028472-SPURWELL1,36.18746,-121.08615,-97559.1,-202727.9,0.2,0,
AGL020028499-R34_W1,36.612011,-121.540847,-137630.6,-154987.9,74.08,1,
AGL020028551-BERMUDEZ,36.79833,-121.69658,-151169.0,-134045.6,5.6,0,
AGL020028604-DOMESTIC,36.31225,-121.29226,-115882.1,-188630.0,3.8,0,
AGL020028604-WELL 6,36.31478,-121.29948,-116525.6,-188340.0,0.2,0,
AGL020028606-WELL 2,36.31786,-121.28532,-115251.3,-188015.1,1.4,0,
AGL020029030-DOM_WILL,36.693608,-121.559517,-139149.0,-145893.1,60.15,1,
AGL020029030-WELL 1,36.69364,-121.58311,-141253.8,-145854.6,48.35,1,
AGL020029030-WELL 2,36.69911,-121.58646,-141542.5,-145241.8,56.4,1,
AGL020029885-BARCEL IRR,36.72794,-121.60972,-143563.1,-142003.0,14.3,1,
AGL020029885-BARCELLOS PRI,36.727852,-121.609739,-143565.0,-142012.7,8.07,0,
AGL020030077-R29_W1,36.4048471,-121.3526248,-121148.0,-178265.4,15.52,1,
AGL020030077-R29_W2,36.4048671,-121.352617,-121147.3,-178263.2,11.6,1,
AGL020030080-THORNE_W1,36.3271032,-121.306404,-117127.6,-186962.2,3.16,0,
AGL020030080-THORNE_W2,36.3269606,-121.3046958,-116974.7,-186980.2,8.17,0,
AGL020030080-THORNE_W3,36.32736,-121.305914,-117083.3,-186934.3,0.5,0,
AGL020030105-WELL 1,36.34372,-121.25857,-112814.7,-185173.8,22.1,1,
AGL020030105-WELL 2,36.34438,-121.25851,-112808.3,-185100.5,28.1,1,
AGL020030105-YRWELL,36.34446,-121.25849,-112806.4,-185091.7,16.86,1,
AGL020030107-UCHI_W1,36.619509,-121.510794,-134933.2,-154197.9,40.44,1,
AGL020030108-FLEW_W1,36.599954,-121.603452,-143244.7,-156235.0,2.75,0,
AGL020030113-MFPOTT3_I,36.6155716,-121.5307621,-136723.5,-154606.9,16.0,1,
AGL020030113-MFPOTTER_D,36.6156302,-121.5293395,-136596.4,-154602.4,109.0,1,
AGL020030113-MFPOT_RUIZ,36.6162712,-121.5405166,-137593.4,-154515.0,36.9,1,
AGL020030121-Z-W3,36.6664496,-121.7363098,-154977.0,-148636.9,3.3,0,
AGL020030121-Z-W4,36.6696632,-121.7412273,-155409.3,-148271.7,0.2,0,
AGL020030156-GV15 DOM,36.32364,-121.28373,-115100.0,-187374.8,25.15,1,
AGL020030156-GV15 IRR,36.32366,-121.28372,-115099.1,-187372.6,6.3,0,
AGL020030167-GV13,36.32784,-121.26267,-113205.7,-186933.5,15.4,1,
AGL020030169-AG_JACKS,36.3726,-121.29479,-116017.3,-181921.0,1.4,0,
AGL020030176-BORANDA_AG,36.7095222,-121.6040444,-143091.6,-144058.3,36.92,1,
AGL020030190-HOBSON_AG,36.55135,-121.45296,-129884.4,-161852.9,55.7,1,
AGL020030190-HOBSON_DOM,36.56072,-121.44496,-129153.4,-160822.6,73.6,1,
AGL020030190-WELL 1,36.55754,-121.44783,-129415.3,-161172.0,17.75,1,
AGL020030191-GUAD-AG,36.54475,-121.53159,-136924.6,-162475.7,5.4,0,
AGL020030192-METZGER_AG,36.5574,-121.44785,-129417.4,-161187.6,5.3,0,
AGL020030205-LHR IRR,36.54414,-121.46796,-131237.6,-162633.4,38.15,1,
AGL020030206-HUBRNCH IRR,36.49628541,-121.4858349,-132918.8,-167926.3,1.2,0,
AGL020030206-HUBRNCHIRR,36.49628,-121.48585,-132920.2,-167926.8,0.45,0,
AGL020030208-RR IRR,36.53845,-121.45025,-129664.1,-163290.1,3.7,0,
AGL020030209-NORTON,36.65495,-121.58771,-141736.2,-150147.3,7.46,0,
AGL020030231-CHUALAR_1,36.5558,-121.5159,-135502.4,-161270.3,6.49,0,
AGL020030231-CHUALAR_4,36.55628,-121.52418,-136241.6,-161205.1,1.2,0,
AGL020030232-CENTENNIAL IW,36.27934,-121.21099,-108641.4,-192383.0,4.1,0,
AGL020030232-CENT_IW,36.27954,-121.211,-108642.0,-192360.8,5.5,0,
AGL020030311-DOMESTIC,36.3082797,-121.2285911,-110178.7,-189147.1,24.8,1,
AGL020030311-GV16_DOM,36.3087,-121.22744,-110074.8,-189101.7,0.2,0,
AGL020030311-GV16_IRR,36.30851,-121.22662,-110001.6,-189123.8,32.7,1,
AGL020030317-AG WELL,36.43066,-121.3485,-120737.8,-175402.3,25.6,1,
AGL020030317-DOM WELL,36.43112,-121.34764,-120660.1,-175352.3,14.37,1,
AGL020030333-IRR WELL,36.489233,-121.481984,-132586.6,-168715.3,2.4,0,
AGL020032727-WELL #2,36.49398,-121.45679,-130324.7,-168222.8,3.05,0,
AGL020032739-AG_WELL,36.47854,-121.47541,-132017.0,-169912.7,9.35,0,
AGL020032739-DOM_WELL,36.47467,-121.47192,-131711.4,-170347.6,20.4,1,
AGL020032741-PVR AW 4,36.0881,-120.97913,-88060.8,-213872.5,1.35,0,
AGL020032741-PVR AW 5,36.08678,-120.97725,-87893.3,-214021.0,1.95,0,
AGL020032745-HICKS_AG,36.58963,-121.605791,-143473.1,-157378.7,1.9,0,
AGL020032756-SAVAGE1_I,36.32895,-121.19335,-106989.5,-186890.6,26.08,1,
AGL020032756-SAVAGE2_I,36.33209,-121.19656,-107272.9,-186538.1,22.35,1,
AGL020032768-TARP_W_83,36.590573,-121.61725,-144495.1,-157256.5,5.7,0,
AGL020032769-MATTHEW_AG,36.6558343,-121.6830773,-150247.1,-149902.2,0.2,0,
AGL020032771-SIMON_I,36.6642459,-121.7026689,-151979.1,-148936.2,0.4,0,
AGL020032804-GULARTE_AG,36.75368,-121.67381,-149227.9,-139043.6,32.92,1,
AGL020032821-AMEZQUIT_I,36.70679,-121.5955,-142334.6,-144374.8,20.42,1,
AGL020032858-0503-002,36.24715,-121.14797,-103031.3,-196030.2,60.3,1,
AGL020032858-GARIN,36.24489,-121.15809,-103942.6,-196270.2,10.2,1,
AGL020032864-AG WELL,36.55074,-121.47374,-131742.9,-161892.0,4.2,0,
AGL020032864-DOM WELL,36.55234,-121.47505,-131857.2,-161712.4,78.0,1,
AGL020033226-WELL #2,36.49151,-121.47046,-131551.8,-168478.3,0.95,0,
AGL020033226-WILLS DOM,36.49117,-121.4708,-131582.8,-168515.7,0.2,0,
AGL020033227-DOM1,36.5187,-121.44588,-129306.9,-165490.8,22.65,1,
AGL020033227-WELL #1,36.51283,-121.45057,-129736.3,-166136.6,17.6,1,
AGL020033227-WELL #2,36.51286,-121.45056,-129735.3,-166133.3,18.95,1,
AGL020033228-WELL #1,36.52553,-121.47707,-132084.2,-164688.8,15.7,1,
AGL020033229-WELL #4,36.50848,-121.4552,-130157.7,-166613.7,33.5,1,
AGL020034185-SANTUR_AG,36.29767,-121.30457,-117008.2,-190234.9,0.2,0,
AGL020034185-SANTUR_DOM,36.29288,-121.31038,-117536.6,-190760.0,6.9,0,
AGL020034389-LONGVALLEY,36.82058,-121.70662,-152018.9,-131556.9,3.6,0,
AGL020035367-DOMESTIC,36.3061057,-121.2237279,-109745.7,-189394.3,8.7,0,
AGL020035367-PATRICIA_DOM,36.30674,-121.22312,-109690.3,-189324.5,7.1,0,
AGL020035367-PATRICIA_IW,36.307,-121.22214,-109602.0,-189296.8,15.8,1,
AGL020035378-AG WELL,36.30704,-121.22218,-109605.5,-189292.3,19.5,1,
AGL020035391-POMEROYIRR,36.669083,-121.717333,-153278.1,-148375.1,0.2,0,
AGL020035392-BARDIN IRR,36.670194,-121.719917,-153506.5,-148247.4,0.5,0,
AGL020035392-BARDIN1_D,36.654479,-121.682188,-150170.4,-150054.2,0.5,0,
AGL020035430-MARTINEZ,36.75005,-121.65959,-147967.3,-139469.2,10.88,1,
AGL020035432-SALA_AG,36.76683,-121.62895,-145203.7,-137651.9,0.05,0,
AGL020035481-DOMWELL#1,36.7370055,-121.7823204,-158935.9,-140720.2,0.2,0,
AGL020035609-AZUL_DP,35.83506,-120.5379,-48537.7,-242303.7,5.0,0,
AGL020035617-THOMSAL_D,36.62087,-121.57567,-140724.4,-153952.4,12.85,1,
AGL020035617-WELL 1,36.62097,-121.57563,-140720.7,-153941.3,1.0,0,
AGL020035672-KL-W1,36.67364,-121.579602,-140977.9,-148082.4,19.6,1,
AGL020035672-KL-W2,36.672119,-121.582464,-141236.1,-148247.2,49.1,1,
AGL020035672-KL_W9,36.673729,-121.5795514,-140973.2,-148072.6,19.45,1,
AGL020035697-BIANCO DOM,36.52675,-121.46827,-131295.2,-164565.4,71.4,1,
AGL020035697-BIANCO_IR,36.52677,-121.46819,-131288.0,-164563.3,68.4,1,
AGL020035698-HEESS DOM,36.52288,-121.52299,-136194.9,-164918.3,44.6,1,
AGL020035698-HEESS IRR,36.52627,-121.53305,-137088.3,-164527.1,8.8,0,
AGL020035700-MFADMIR2_D,36.6474861,-121.691988,-151059.0,-150815.7,2.1,0,
AGL020035701-BUENVIS2_I,36.603276,-121.5835338,-141459.3,-155895.8,3.5,0,
AGL020035715-WYNNE,36.6870898,-121.7351544,-154831.9,-146345.1,0.65,0,
AGL020035716-SUGAR LOAF,36.7757723,-121.590174,-141730.9,-136716.8,11.45,1,
AGL020035716-WELL#1,36.76127,-121.60718,-143273.8,-138302.9,7.55,0,
AGL020035744-WELL#3,36.637708,-121.66872,-149001.0,-151939.1,0.45,0,
AGL020035745-RUSSELL,36.68637,-121.67709,-149652.7,-146518.3,98.0,1,
AGL020035747-TORO,36.62923,-121.58514,-141554.6,-153009.3,70.8,1,
AGL020035757-SCHOOLDUAL,36.6938667,-121.7017924,-151841.7,-145646.0,0.6,0,
AGL020035758-BORONDA_A,36.69286,-121.7048948,-152120.5,-145752.9,0.6,0,
AGL020035759-BALESTRA_DOM,36.6919115,-121.7079803,-152397.7,-145853.3,0.2,0,
AGL020035759-WELL #2,36.692329,-121.708105,-152408.0,-145806.7,0.2,0,
AGL020035760-SALMINA1_I,36.6950606,-121.6931621,-151069.4,-145527.1,42.3,1,
AGL020035761-TARP_DOM,36.642776,-121.646731,-147028.0,-151410.2,10.0,0,
AGL020035761-WELL #1,36.6425048,-121.6463914,-146998.2,-151440.9,1.3,0,
AGL020035762-BIANCHI_D,36.4322434,-121.4042281,-125724.5,-175153.9,57.0,1,
AGL020035762-TABIANCH_I,36.4332714,-121.4015681,-125484.6,-175043.2,31.92,1,
AGL020035765-NUTBLAN_D,36.6716433,-121.6946762,-151251.0,-148126.9,0.2,0,
AGL020035765-NUTTORO_D,36.6642819,-121.7008047,-151812.6,-148935.2,0.55,0,
AGL020035765-TASNUTT_I,36.6646455,-121.7001851,-151756.6,-148895.8,0.2,0,
AGL020035772-JENSEN_AG,36.6698168,-121.6919568,-151012.0,-148334.2,0.2,0,
AGL020035778-AG_WELL,36.62252,-121.61671,-144386.3,-153707.3,2.8,0,
AGL020035858-CCGC_0650,36.74258,-121.72748,-154034.8,-140191.2,72.05,1,
AGL020035858-CCGC_0651,36.74131,-121.73444,-154657.9,-140321.0,0.6,0,
AGL020035860-CCGC_0544,36.73238,-121.70566,-152109.8,-141360.0,73.6,1,
AGL020035860-HMHAMBY_I,36.7294999,-121.7004533,-151651.3,-141688.4,1.4,0,
AGL020035863-DOM_QB,36.73566,-121.71511,-152945.9,-140980.3,6.25,0,
AGL020035913-P1,36.65186,-121.69843,-151625.4,-150319.4,0.3,0,
AGL020035913-P2,36.65872,-121.70736,-152408.8,-149542.7,0.2,0,
AGL020035924-AG WELL,36.313863,-121.23243,-110514.8,-188522.2,39.11,1,
AGL020035924-RANCH 17 SOUTH,36.31235,-121.22166,-109551.3,-188702.8,21.9,1,
AGL020035931-WELL 1,36.67748,-121.72604,-154038.1,-147427.8,0.4,0,
AGL020035945-SILLIMAN_D,36.40826,-121.35793,-121617.7,-177879.4,20.85,1,
AGL020035945-SILLIM_AG,36.40808,-121.36168,-121953.9,-177894.5,9.2,0,
AGL020035966-FREW 105,36.25846,-121.17986,-105877.6,-194738.3,19.85,1,
AGL020035967-HACIENDA 102,36.28691,-121.18443,-106248.2,-191572.0,1.3,0,
AGL020035967-HACIENDA 6,36.287057,-121.184458,-106250.5,-191555.6,1.3,0,
AGL020035967-HAC_5_100,36.29068,-121.19285,-106998.2,-191143.6,2.6,0,
AGL020035967-HAC_6_DOM,36.27771,-121.18293,-106126.4,-192595.9,6.0,0,
AGL020035968-TUNNEL 108,36.29062,-121.17759,-105629.6,-191167.4,65.0,1,
AGL020035968-TUNNEL 109,36.2906,-121.177608,-105631.2,-191169.6,71.0,1,
AGL020035970-TUNNEL 108,36.29069,-121.17805,-105670.7,-191159.1,12.2,1,
AGL020035971-OSHITA 113,36.41011,-121.29876,-116315.9,-177748.0,10.7,1,
AGL020035971-OSHITA DOM,36.40797,-121.28428,-115022.4,-178003.5,9.3,0,
AGL020035972-SHORT 116,36.58302,-121.47903,-132159.8,-158297.5,29.6,1,
AGL020035972-SHORT 117,36.583099,-121.479019,-132158.7,-158288.8,25.5,1,
AGL020035975-MCCOY 111,36.36844,-121.23822,-110954.8,-182451.0,20.6,1,
AGL020035996-WELL262,36.73243,-121.70565,-152108.8,-141354.4,65.9,1,
AGL020035999-AG_ALEXBO1,36.72932,-121.6254,-144958.8,-141825.7,11.95,1,
AGL020036006-WELL,36.6450814,-121.5421765,-137689.6,-151311.0,17.0,1,
AGL020036036-AG_WELL,36.84375,-121.74164,-155090.7,-128925.3,0.2,0,
AGL020036043-LAMACCHIA_DOM,36.51256,-121.3732,-122817.4,-166269.7,2.65,0,
AGL020036043-LAMAC_DOM,36.51225,-121.3734,-122835.7,-166303.9,1.9,0,
AGL020036047-ABEL_DOM,36.5183,-121.36996,-122518.4,-165636.0,1.9,0,
AGL020036062-AG WELL,36.67742,-121.57894,-140911.8,-147663.3,17.1,1,
AGL020036062-DOM WELL,36.6815,-121.57383,-140448.3,-147217.5,33.95,1,
AGL020036149-WELL AG,36.48073,-121.48509,-132879.3,-169655.8,0.75,0,
AGL020036164-26_1,36.5944383,-121.5559876,-139014.9,-156918.6,29.4,1,
AGL020036164-GH26-1,36.59443,-121.55602,-139017.9,-156919.5,24.2,1,
AGL020036211-ROMIE_1,36.56325,-121.5203,-135882.4,-160436.1,13.73,1,
AGL020036240-6420-020,36.5732685,-121.537829,-137430.9,-159297.6,6.45,0,
AGL020036240-6421-021,36.57713,-121.53175,-136880.8,-158877.3,3.4,0,
AGL020036240-6428-028,36.56634,-121.52484,-136282.6,-160086.2,0.6,0,
AGL020036240-PED-DOM,36.5637569,-121.5286522,-136627.9,-160367.8,1.85,0,
AGL020036241-6311-011,36.5775052,-121.502746,-134288.5,-158877.0,36.3,1,
AGL020036242-5000-001,36.18754,-121.0711,-96207.3,-202734.4,12.7,1,
AGL020036242-5000-003,36.1914744,-121.0747731,-96532.2,-202293.5,17.6,1,
AGL020036266-5209-009,36.02871,-120.92888,-83606.3,-220516.6,0.2,0,
AGL020036268-5109-009,36.08688,-120.97816,-87975.0,-214009.0,1.3,0,
AGL020036268-ECH-DOM,36.08933,-120.98492,-88580.1,-213730.5,1.1,0,
AGL020036284-WELL 10,36.0257,-120.91328,-82205.4,-220864.7,7.05,0,
AGL020036449-FATCITY_AG,36.5283,-121.41865,-126855.9,-164460.8,6.7,0,
AGL020036450-ESCOLLE_AG,36.47263,-121.47213,-131733.8,-170574.0,16.0,1,
AGL020036481-DUNCAN_1,36.699564,-121.596118,-142403.3,-145176.9,9.07,0,
AGL020036492-SFALVES_D,36.36112,-121.23082,-110302.3,-183273.0,16.85,1,
AGL020036492-SFALVES_I,36.35754,-121.22566,-109845.1,-183676.8,2.4,0,
AGL020036493-SARMENTO_I,36.43888,-121.4105,-126275.0,-174408.2,20.97,1,
AGL020036550-LAURITSON,36.6514,-121.5543,-138760.4,-150591.2,2.27,0,
AGL020036602-AG WELL,36.7505308,-121.660474,-148045.2,-139414.4,10.5,1,
AGL020036602-MARTINEZ,36.75005,-121.65959,-147967.3,-139469.2,10.88,1,
AGL020036603-AG WELL,36.7561623,-121.6103744,-143568.2,-138865.7,8.25,0,
AGL020036603-PISTA_AG,36.76097,-121.60664,-143226.3,-138337.0,7.29,0,
AGL020036604-GREENHOUSE,36.6936404,-121.5831074,-141253.6,-145854.6,44.76,1,
AGL020036644-2702352,36.30013,-121.31233,-117700.3,-189952.0,0.9,0,
AGL020036644-WELL 1,36.3031,-121.307,-117217.8,-189628.6,0.2,0,
AGL020036645-AMARAL_IW,36.54165,-121.4657,-131039.8,-162913.3,14.5,1,
AGL020036649-MADOLO_96,36.72394,-121.6287,-145263.3,-142418.6,26.7,1,
AGL020036649-MADOLO_DOM,36.72185,-121.62251,-144715.3,-142660.3,53.4,1,
AGL020036652-STONEWALL,36.4188,-121.29318,-115803.1,-176789.2,0.95,0,
AGL020036652-STONEWALL IW,36.41881,-121.29308,-115794.1,-176788.2,1.8,0,
AGL020036835-STEIN IRR,36.59834,-121.57486,-140693.7,-156457.2,5.45,0,
AGL020036835-STEINBECK_IW,36.598529,-121.574712,-140680.1,-156436.4,3.95,0,
AGL020036905-R-DOM,36.6932613,-121.7355273,-154852.6,-145658.7,6.35,0,
AGL020036905-R-W1,36.6931968,-121.7382319,-155094.1,-145661.4,6.9,0,
AGL020036929-ANDERSON 2,36.74603,-121.61263,-143788.4,-139988.2,12.1,1,
AGL020036929-ANDERSON 4,36.75096,-121.60897,-143452.8,-139445.9,9.5,0,
AGL020036933-TARP_E_84,36.590574,-121.607326,-143608.5,-157271.5,2.8,0,
AGL020036936-RIVERRD_90,36.62382,-121.68207,-150220.3,-153461.3,30.5,1,
AGL020036966-BRAMERS_AG,36.638148,-121.646622,-147027.2,-151924.7,6.9,0,
AGL020036966-BRAMERS_D,36.641179,-121.645677,-146937.0,-151589.3,1.9,0,
AGL020036973-ABE IRR,36.65736,-121.68573,-150480.9,-149728.4,0.2,0,
AGL020036973-ABE_DOM,36.654479,-121.682188,-150170.4,-150054.2,0.2,0,
AGL020036974-HOME DOM,36.64225,-121.66571,-148723.4,-151439.1,0.25,0,
AGL020036974-HOME IRR,36.64204,-121.66723,-148859.5,-151460.0,0.35,0,
AGL020036975-LANINI,36.654479,-121.682188,-150170.4,-150054.2,0.2,0,
AGL020036975-LANINI IRR,36.6545,-121.682188,-150170.4,-150051.8,0.2,0,
AGL020036976-MACHADODOM,36.66475,-121.6807,-150017.4,-148915.2,1.8,0,
AGL020036976-MACHADOIRR,36.66439,-121.68111,-150054.7,-148954.5,1.25,0,
AGL020036977-TERAJI IRR,36.65048,-121.65756,-147979.8,-150537.3,1.4,0,
AGL020037021-DOMESTIC,36.36377,-121.2563,-112581.7,-182948.6,7.95,0,
AGL020037021-WELL,36.36053,-121.25612,-112570.4,-183308.8,78.15,1,
AGL020037021-WELL DOM,36.36374,-121.2562,-112572.8,-182952.0,8.3,0,
AGL020037022-DOMESTIC,36.36746,-121.25869,-112790.4,-182535.7,9.0,0,
AGL020037022-WELL 2,36.36897,-121.25453,-112415.5,-182372.9,10.55,1,
AGL020037022-WELL DOM,36.36715,-121.25879,-112799.8,-182570.0,7.4,0,
AGL020037024-719BORONDA,36.71981,-121.68596,-150378.0,-142788.2,79.9,1,
AGL020037024-785BORONDA,36.72492,-121.68208,-150021.9,-142226.5,29.0,1,
AGL020037024-810BORONDA,36.72684,-121.67388,-149286.8,-142026.1,42.2,1,
AGL020037024-814BORONDA,36.72764,-121.67539,-149419.9,-141934.8,144.0,1,
AGL020037024-WELL 1,36.72324,-121.67983,-149824.5,-142416.8,0.7,0,
AGL020037032-DESANTEDOM,36.78622,-121.76508,-157296.8,-135279.9,0.2,0,
AGL020037045-AZEVEDO,36.84566,-121.74852,-155699.4,-128701.7,3.0,0,
AGL020037145-DOMESTIC,36.32762,-121.26044,-113006.1,-186960.6,15.6,1,
AGL020037145-NAVARRO,36.3276,-121.26259,-113198.9,-186960.2,16.5,1,
AGL020037146-YARD,36.32449,-121.23141,-110408.0,-187342.6,62.5,1,
AGL020037448-ESP_WELL,36.74203,-121.68397,-150156.6,-140322.2,13.5,1,
AGL020037470-GH27-01,36.5698,-121.48838,-133018.2,-159753.5,7.3,0,
AGL020037470-GH27-DOM,36.5703707,-121.4885568,-133033.1,-159689.9,7.6,0,
AGL020037471-WELL 1,36.50302,-121.38964,-124303.2,-167308.4,9.35,0,
AGL020037471-WELL 3,36.50303,-121.39007,-124341.6,-167306.7,3.3,0,
AGL020037481-R4-WELL#4,35.85209,-120.84512,-76242.4,-240209.6,0.65,0,
AGL020037500-LRGP5L4,36.7593546,-121.7337201,-154557.1,-138317.0,1.0,0,
AGL020037500-LRJIMP3L4,36.7594566,-121.7338968,-154572.6,-138305.3,0.8,0,
AGL020037500-LRMP4L4,36.7582621,-121.7238724,-153681.5,-138454.4,0.5,0,
AGL020037512-BOTTOM WEL,36.7585428,-121.6209533,-144506.7,-138585.0,0.7,0,
AGL020037512-WELL_3,36.7585,-121.62087,-144499.4,-138589.9,0.9,0,
AGL020037519-WELL #1,36.73737,-121.656,-147671.9,-140883.9,6.75,0,
AGL020037519-WELL #2,36.7386532,-121.6492403,-147066.7,-140751.8,16.8,1,
AGL020037522-VWR_DOM,35.80915,-120.67206,-60663.9,-245104.9,8.0,0,
AGL020037522-VWR_IRR,35.81136,-120.67203,-60659.4,-244859.4,6.1,0,
AGL020037524-WELL159,36.7314229,-121.7309853,-154370.0,-141425.4,1.1,0,
AGL020037554-WELL 1,36.72951,-121.6761,-149479.6,-141725.9,1.7,0,
AGL020037555-AGWELL,36.68289,-121.5928,-142138.4,-147034.8,15.9,1,
AGL020037614-BACKFIELD_WELL,36.731849,-121.6748,-149359.0,-141468.0,1.3,0,
AGL020037614-CENTRAL_WELL,36.73691,-121.67502,-149368.7,-140905.3,47.1,1,
AGL020037614-FRONTFIELD_WELL,36.7386514,-121.6741127,-149284.4,-140713.2,39.2,1,
AGL020037614-WELL 01,36.7349872,-121.6761921,-149477.0,-141117.1,1.5,0,
AGL020037614-WELL 03,36.7349872,-121.6761921,-149477.0,-141117.1,48.4,1,
AGL020037615-FARM WELL,36.73719,-121.67876,-149701.7,-140868.2,9.1,0,
AGL020037615-WELL 01,36.73877,-121.67825,-149653.1,-140693.5,0.95,0,
AGL020037616-WELL 01,36.74564,-121.68664,-150387.6,-139916.7,14.85,1,
AGL020037619-ESTANCIA,36.4681,-121.4604,-130691.9,-171093.6,11.7,1,
AGL020037640-WELL,36.47458,-121.36761,-122378.3,-170497.4,8.7,0,
AGL020037664-AG WELL,36.0034,-120.91579,-82455.3,-223340.1,0.35,0,
AGL020037664-DOMMBVWELL,35.99527,-120.91026,-81966.0,-224248.2,2.6,0,
AGL020037703-JSP#5,35.81453,-120.84274,-76064.7,-244384.2,0.2,0,
AGL020037703-JVEP#4,35.81513,-120.8428,-76069.6,-244317.5,0.2,0,
AGL020037703-MH2-DOM,35.8068,-120.85123,-76838.7,-245236.1,0.2,0,
AGL020037854-HARNEY_AG,36.6143403,-121.5553137,-138918.5,-154708.0,5.2,0,
AGL020037854-HARNEY_D,36.61794,-121.55841,-139188.4,-154303.4,188.0,1,
AGL020037859-RINCON IW,36.54203,-121.43719,-128490.5,-162910.1,12.6,1,
AGL020037860-4-DOM,36.7029505,-121.7077919,-152358.8,-144626.9,3.3,0,
AGL020037860-4-W3,36.6994291,-121.7083367,-152414.5,-145017.4,0.2,0,
AGL020037873-N-DW#6,36.6934611,-121.7186334,-153345.0,-145664.0,0.2,0,
AGL020037884-DAMPIERR_I,36.6969976,-121.5908985,-141942.4,-145469.9,20.5,1,
AGL020037974-AG WELL,36.31795,-121.23427,-110673.9,-188065.9,49.05,1,
AGL020038025-RSSLLBGWL,36.74278,-121.68726,-150448.5,-140233.6,5.7,0,
AGL020038025-RSSLLSMWL,36.7427055,-121.6869923,-150424.8,-140242.3,44.5,1,
AGL020038027-WILSON 129,36.098481,-121.015117,-91285.0,-212685.1,0.2,0,
AGL020038030-JARVIS 133,36.731813,-121.672396,-149144.7,-141475.8,2.8,0,
AGL020038030-JARVIS DOM,36.735677,-121.661527,-148168.0,-141063.5,73.3,1,
AGL020038030-JARVISAG133,36.73166,-121.67246,-149150.8,-141492.7,2.2,0,
AGL020038030-JARVIS_DOM,36.73572,-121.66157,-148171.8,-141058.6,65.2,1,
AGL020038061-RIVER IRR,36.4996117,-121.4974601,-133952.9,-167540.3,1.5,0,
AGL020038073-AG WELL,36.73814,-121.61408,-143932.7,-140862.8,13.7,1,
AGL020038074-AG WELL,36.75239,-121.61476,-143966.3,-139278.2,8.0,0,
AGL020038079-WELL 1,36.27802,-121.22909,-110267.0,-192508.8,23.8,1,
AGL020038086-BORANDA AG,36.69453,-121.6797,-149869.5,-145607.4,9.6,0,
AGL020038086-BORONDA AG,36.694527,-121.679459,-149848.0,-145608.1,10.9,1,
AGL020038122-YARD,36.52221,-121.41225,-126293.7,-165146.0,2.8,0,
AGL020038123-#1,36.06449,-120.9389,-84468.7,-216532.4,20.8,1,
AGL020038123-#2,36.06068,-120.93037,-83705.5,-216963.3,31.5,1,
AGL020038123-#3,36.05659,-120.92681,-83389.7,-217420.8,43.1,1,
AGL020038123-#4,36.03919,-120.93335,-83997.1,-219348.3,4.7,0,
AGL020038123-#5,36.02757,-120.92457,-83219.6,-220647.1,0.9,0,
AGL020038123-#6,36.0288,-120.92107,-82903.2,-220513.5,0.5,0,
AGL020038123-#7,36.02488,-120.9219,-82982.2,-220948.3,0.2,0,
AGL020038123-#8,36.02281,-120.91837,-82666.7,-221181.4,0.2,0,
AGL020038157-WELL #1,36.68249,-121.67879,-149812.0,-146946.8,41.7,1,
AGL020038159-AG WELL,36.71049,-121.71031,-152568.3,-143785.0,0.25,0,
AGL020038159-DM WELL,36.71137,-121.70945,-152489.8,-143688.6,0.6,0,
AGL020038182-AGW,36.74741,-121.758598,-156799.3,-139603.5,0.2,0,
AGL020038226-WELL 1,36.71089,-121.60589,-143253.7,-143903.5,29.85,1,
AGL020038227-WELL 1,36.710926,-121.605933,-143257.5,-143899.4,29.8,1,
AGL020038230-BOTTOMWELL,36.76643,-121.67444,-149259.1,-137625.7,1.9,0,
AGL020038230-WELL 1,36.77186,-121.67747,-149518.5,-137017.5,0.3,0,
AGL020038235-ESPINOSA,36.74985,-121.68381,-150126.9,-139453.4,0.4,0,
AGL020038272-WELL AG,36.45256,-121.44107,-128988.5,-172846.9,2.65,0,
AGL020038322-BAJA_IW,36.28227,-121.2204,-109481.3,-192046.7,9.0,0,
AGL020038323-MESA DEL5,36.26436,-121.18399,-106240.0,-194078.1,8.3,0,
AGL020038324-VIENTO_AG,36.27579,-121.2336,-110674.8,-192751.4,12.8,1,
AGL020038341-R14 AG,36.30998,-121.2151,-108966.4,-188973.7,34.2,1,
AGL020038341-R14 DOM,36.31021,-121.21513,-108968.8,-188948.1,47.1,1,
AGL020038342-RANCH13,36.31625,-121.21681,-109110.8,-188275.1,38.03,1,
AGL020038411-WELL_1,36.716146,-121.60374,-143052.0,-143322.7,12.7,1,
AGL020038422-AG WELL,36.4267824,-121.4031053,-125632.9,-175762.3,6.8,0,
AGL020038422-AG WELL 2,36.42609,-121.40267,-125595.1,-175839.8,7.6,0,
AGL020038441-WELL,36.7413441,-121.7345905,-154671.3,-140317.0,0.9,0,
AGL020038442-PUMP #7,36.26323,-121.18024,-105905.1,-194207.9,4.7,0,
AGL020038443-DOM WELL,36.6304344,-121.5399624,-137518.4,-152941.9,36.3,1,
AGL020038443-WELL,36.6308294,-121.5403282,-137550.3,-152897.5,24.1,1,
AGL020038444-24,36.25517,-121.19139,-106916.8,-195091.0,24.0,1,
AGL020038444-CENT DOM,36.24929,-121.1964,-107374.7,-195738.7,11.3,1,
AGL020038500-MAININI_IRR,35.8353,-120.7059,-63696.8,-242177.6,5.14,0,
AGL020038516-R5-WELL #5,35.86836,-120.87038,-78504.5,-238381.5,3.5,0,
AGL020038533-AGW,36.341017,-121.261856,-113113.2,-185470.2,22.4,1,
AGL020038533-AGW2,36.3411,-121.26176,-113104.5,-185461.1,20.9,1,
AGL020038533-DOMESTIC,36.33625,-121.26389,-113302.6,-185997.5,21.9,1,
AGL020038542-SILA WELL1,36.65139,-121.55425,-138756.0,-150592.4,56.9,1,
AGL020038543-FOS_WELL_1,36.648561,-121.689767,-150858.6,-150699.8,0.5,0,
AGL020038546-AG WELL,36.71089,-121.60589,-143253.7,-143903.5,31.85,1,
AGL020038549-LAUR WELL1,36.65139,-121.55425,-138756.0,-150592.4,2.35,0,
AGL020038564-SECONDO,36.60951,-121.60987,-143800.0,-155163.4,0.8,0,
AGL020038564-SECONDO_GRAY,36.60338,-121.60912,-143744.6,-155845.8,1.7,0,
AGL020038571-20845_BV_D,36.6009657,-121.6033148,-143230.6,-156122.8,2.8,0,
AGL020038571-20985_95BV,36.6059905,-121.6001803,-142941.2,-155569.2,1.5,0,
AGL020038571-9193COREYD,36.596024,-121.6019204,-143115.3,-156674.1,1.0,0,
AGL020038571-SECONDO_I,36.6055109,-121.6002112,-142944.8,-155622.4,2.35,0,
AGL020038573-FLEWEL_D,36.5986213,-121.6040051,-143296.7,-156382.3,0.25,0,
AGL020038573-FLEWEL_I,36.6000236,-121.6034164,-143241.4,-156227.4,1.85,0,
AGL020038577-DAYTON 94,36.68232,-121.57664,-140697.5,-147122.2,51.5,1,
AGL020038584-DOMESTIC,36.30085,-121.31483,-117923.4,-189868.9,0.9,0,
AGL020038584-ST NICHOLAS IW,36.30742,-121.31438,-117873.0,-189139.4,2.1,0,
AGL020038586-DOMESTIC,36.3663,-121.312,-117569.0,-182599.8,2.05,0,
AGL020038586-SOUTH,36.3709,-121.31418,-117757.2,-182086.0,0.6,0,
AGL020039080-POZZI_AG,36.6035507,-121.6089964,-143733.2,-155827.0,2.6,0,
AGL020039080-POZZI_D,36.6037375,-121.6095935,-143786.2,-155805.3,2.65,0,
AGL020039080-WHITE_WELL,36.6034199,-121.6091188,-143744.4,-155841.3,1.9,0,
AGL020039151-136,36.75301,-121.62491,-144870.0,-139193.9,0.7,0,
AGL020039153-OAK,36.29616,-121.28928,-115639.2,-190421.5,3.2,0,
AGL020039156-DOM_WELL,36.69049,-121.68949,-150750.9,-146040.9,11.4,1,
AGL020039156-WELL,36.69031,-121.69187,-150963.6,-146057.1,0.5,0,
AGL020039171-WELL #1,36.61295,-121.57301,-140501.5,-154836.4,13.35,1,
AGL020039173-WELL 1,36.55492,-121.49652,-133771.8,-161395.6,1.5,0,
AGL020039174-BLOCK#4,36.62705,-121.57988,-141089.0,-153259.4,16.7,1,
AGL020039174-DOMESTIC,36.62266,-121.57916,-141032.8,-153748.3,0.8,0,
AGL020039174-SHOP,36.63815,-121.57124,-140297.0,-152038.7,6.2,0,
AGL020039175-MORISOLI_D,36.52821,-121.46312,-130832.2,-164410.3,0.85,0,
AGL020039176-WELL #1,36.61,-121.56155,-139483.4,-155181.2,32.8,1,
AGL020039201-AUX_WELL,36.760163,-121.64138,-146324.5,-138373.7,0.2,0,
AGL020039204-PUMP #1,36.654958,-121.58768,-141733.5,-150146.4,15.75,1,
AGL020039214-MONTESI_DP,35.80223,-120.56773,-51251.2,-245935.3,6.95,0,
AGL020039236-LOT 18,36.00645,-120.91792,-82643.8,-222999.4,1.6,0,
AGL020039237-BUENAVISTA_I,36.59266,-121.61214,-144034.6,-157032.4,4.6,0,
AGL020039237-BV_DOM,36.59267,-121.61166,-143991.7,-157032.0,7.1,0,
AGL020039250-PEDRAZZI_D,36.58817,-121.6038,-143298.0,-157544.0,2.2,0,
AGL020039250-WELL 1,36.58868,-121.60443,-143353.3,-157486.4,2.45,0,
AGL020039251-HICK DOM,36.584,-121.60751,-143637.3,-158001.8,3.95,0,
AGL020039251-WELL 1,36.58962,-121.60576,-143470.4,-157379.9,2.35,0,
AGL020039254-WELL 1,36.7076977,-121.731915,-154501.0,-144060.3,2.15,0,
AGL020039260-WELL 1,36.67169,-121.60024,-142823.3,-148268.2,21.4,1,
AGL020039277-BALEST_DOM,36.69189,-121.70796,-152395.9,-145855.8,0.2,0,
AGL020039277-WELL #2,36.69234,-121.70808,-152405.8,-145805.6,0.25,0,
AGL020039278-OFF_ALTAST,36.49557,-121.43166,-128074.1,-168080.3,57.8,1,
AGL020039296-DOMESTIC 1,36.30931,-121.26479,-113423.2,-188989.9,51.3,1,
AGL020039296-WELL 1,36.30907,-121.26529,-113468.4,-189016.0,30.7,1,
AGL020039310-AG_WELL,36.74203,-121.68398,-150157.5,-140322.1,15.9,1,
AGL020039310-ESP_WELL,36.74203,-121.68398,-150157.5,-140322.1,16.0,1,
AGL020039337-COPLER WELL,36.73084,-121.68785,-150524.7,-141559.5,19.2,1,
AGL020039337-WELL,36.7308475,-121.6878728,-150526.7,-141558.6,3.4,0,
AGL020039378-DOMESTIC,35.89509,-120.92682,-83566.0,-235363.7,0.2,0,
AGL020039380-DOLE 1,36.44045,-121.34975,-120834.3,-174312.9,1.55,0,
AGL020039398-WELL 1,36.19641,-121.1452,-102850.8,-201671.1,8.9,0,
AGL020039399-SOUTH,36.3359,-121.31796,-118150.0,-185970.4,3.95,0,
AGL020039401-DOM_WELL,36.73567,-121.66152,-148167.4,-141064.2,70.9,1,
AGL020039401-WELL_132,36.73735,-121.66769,-148714.3,-140867.9,28.35,1,
AGL020039401-WELL_133,36.73183,-121.6724,-149145.1,-141473.9,2.3,0,
AGL020039404-AG WELL,36.592408,-121.616814,-144452.6,-157053.3,5.1,0,
AGL020039404-AG_WELL_83,36.59053,-121.61731,-144500.5,-157261.2,6.4,0,
AGL020039418-POTTER,36.61205,-121.54048,-137597.8,-154984.1,58.5,1,
AGL020039462-WELL #2,36.6116494,-121.6197916,-144682.1,-154910.6,0.2,0,
AGL020039480-DOM_WELL,36.53167,-121.47221,-131639.0,-164013.2,26.2,1,
AGL020039480-WELL1,36.53173,-121.47247,-131662.2,-164006.2,15.85,1,
AGL020039509-HARNEY_AG,36.6141,-121.55527,-138915.0,-154734.8,1.6,0,
AGL020039571-AG WELL,36.59697,-121.600632,-142998.4,-156570.9,1.75,0,
AGL020039571-WHITE_WELL,36.60344,-121.60911,-143743.6,-155839.1,1.5,0,
AGL020039585-AG_WELL,36.62923,-121.58515,-141555.5,-153009.3,64.1,1,
AGL020039589-WELL #009,36.0286,-120.92895,-83612.7,-220528.8,0.8,0,
AGL020039595-BRUN_AG,36.62943,-121.60316,-143163.3,-152960.0,20.7,1,
AGL020039601-ALISAL,36.6483041,-121.5367293,-137197.5,-150960.8,4.0,0,
AGL020039601-ALISAL P1 LOT,36.6472105,-121.5421551,-137683.8,-151074.5,25.4,1,
AGL020039601-ALISAL P1 LOT 3,36.64727,-121.5421762,-137685.6,-151067.8,52.8,1,
AGL020039602-BARDIN P2 LOT 2,36.672716,-121.7230305,-153779.2,-147962.1,0.2,0,
AGL020039602-BARDIN_DOM,36.6783906,-121.7229705,-153762.4,-147331.6,0.2,0,
AGL020039605-HUNTER,36.64122,-121.6456735,-146936.6,-151584.8,3.2,0,
AGL020039605-HUNTER PILOT,36.6382042,-121.646664,-147030.9,-151918.4,6.5,0,
AGL020039606-MC DOUGALL,36.5945475,-121.612798,-144089.8,-156821.7,1.1,0,
AGL020039606-MC DOUGALL2,36.5938086,-121.6029571,-143212.1,-156918.7,31.2,1,
AGL020039606-MCDOUG P2 L4,36.597203,-121.605416,-143425.4,-156537.8,3.0,0,
AGL020039606-MCDOUG P2 L5,36.5971901,-121.6054341,-143427.0,-156539.2,2.85,0,
AGL020039622-DOM,36.6395956,-121.6415108,-146568.1,-151771.7,2.9,0,
AGL020039622-WELL #1,36.6394291,-121.6414853,-146566.2,-151790.3,1.6,0,
AGL020039635-R3-DW,36.50739,-121.45252,-129919.9,-166738.5,93.8,1,
AGL020039635-R3-W1,36.5085694,-121.4552176,-130159.2,-166603.7,28.8,1,
AGL020039643-BINSACCA 2,36.3992,-121.33084,-119205.8,-178920.5,4.85,0,
AGL020039643-BINSACCA I,36.4062,-121.33616,-119671.4,-178136.0,26.5,1,
AGL020039643-BINSACCA_DOM,36.40056,-121.33982,-120008.0,-178758.1,7.9,0,
AGL020039647-E BINSACCA WELL,36.38357,-121.35019,-120963.7,-180632.8,3.3,0,
AGL020039654-AG_WELL,36.73736,-121.667705,-148715.6,-140866.8,31.0,1,
AGL020039655-AG WELL,36.62944,-121.60319,-143165.9,-152958.8,22.4,1,
AGL020039655-DOM WELL,36.63078,-121.60062,-142933.9,-152813.8,11.5,1,
AGL020039661-P1,36.67749,-121.72602,-154036.3,-147426.8,0.2,0,
AGL020039704-AG WELL,36.18979,-121.07136,-96227.8,-202484.1,5.3,0,
AGL020039704-DOMESTIC,36.19014,-121.07082,-96178.8,-202445.8,55.6,1,
AGL020039778-DOMESTIC,36.18992,-121.07835,-96855.4,-202462.6,12.9,1,
AGL020039778-WELL 3,36.1874,-121.086146,-97558.8,-202734.6,2.4,0,
AGL020039789-PUMP #1,36.58337,-121.59167,-142223.2,-158095.6,2.5,0,
AGL020039789-PUMP #2,36.586217,-121.58996,-142065.2,-157781.8,1.0,0,
AGL020039794-WELL 7,36.26307,-121.18044,-105923.3,-194225.5,3.3,0,
AGL020039795-719BORONDA,36.71965,-121.68602,-150383.7,-142805.9,70.65,1,
AGL020039795-785BORONDA,36.72509,-121.68236,-150046.5,-142207.2,16.4,1,
AGL020039795-810BORONDA,36.7268,-121.67392,-149290.5,-142030.5,42.9,1,
AGL020039795-814BORONDA,36.72765,-121.67546,-149426.1,-141933.6,64.9,1,
AGL020039795-WELL 1,36.7232,-121.67992,-149832.6,-142421.1,0.7,0,
AGL020039796-WELL 1,36.7295,-121.67619,-149487.6,-141726.9,2.1,0,
AGL020039797-CENT DOM,36.24923,-121.19614,-107351.4,-195745.6,7.7,0,
AGL020039797-SLC 19,36.25573,-121.17838,-105748.6,-195043.3,12.9,1,
AGL020039800-WELL 01,36.58991,-121.60626,-143514.5,-157346.9,3.6,0,
AGL020039803-WELL_1,36.64865,-121.66966,-149063.5,-150721.7,0.9,0,
AGL020039817-DOMESTIC,36.58949,-121.60297,-143221.4,-157398.6,63.1,1,
AGL020039817-R7W1,36.59519,-121.60069,-143007.0,-156768.6,1.3,0,
AGL020039845-AG WELL,36.696695,-121.591009,-141952.8,-145503.3,21.95,1,
AGL020039846-AG WELL,36.6747035,-121.5914269,-142031.1,-147946.6,9.7,0,
AGL020039873-DOM_WELL,36.71789,-121.61886,-144397.3,-143105.9,8.5,0,
AGL020039873-WELL_8,36.71741,-121.62218,-144694.3,-143154.2,15.6,1,
AGL020039875-MILTON,36.38044,-121.34599,-120592.3,-180985.9,5.7,0,
AGL020039879-R2 W1,36.5018082,-121.4745865,-131903.1,-167328.3,0.2,0,
AGL020039879-R2 WD,36.504414,-121.4735948,-131809.9,-167040.1,0.2,0,
AGL020039892-MANN WELL 1,36.19392,-121.13813,-102219.2,-201955.4,8.7,0,
AGL020039910-140,36.74196,-121.63139,-145468.8,-140411.9,2.5,0,
AGL020039911-SCHIPPER,36.35746,-121.22079,-109408.7,-183691.3,4.4,0,
AGL020039912-61,36.7389,-121.6492,-147062.6,-140724.5,18.7,1,
AGL020039913-WILSON 145,36.09997,-121.01391,-91174.7,-212520.8,0.2,0,
AGL020039913-WISLON WEST,36.09854,-121.0151,-91283.4,-212678.6,0.2,0,
AGL020039934-TURRI D,36.5601998,-121.50652,-134656.3,-160794.7,11.1,1,
AGL020039934-WELL_1,36.55945,-121.5074,-134736.2,-160876.8,2.85,0,
AGL020039935-R6,35.86309,-120.86209,-77762.1,-238973.8,8.3,0,
AGL020039992-BALLIN_WELL,36.76723,-121.65352,-147392.9,-137569.5,0.1,0,
AGL020039997-DOM WELL,36.67138,-121.70465,-152141.6,-148140.2,0.0,0,
AGL020039997-WELL #2,36.67451,-121.70293,-151981.9,-147795.2,0.4,0,
AGL020039999-WELL 1,36.60255,-121.61378,-144162.4,-155930.9,1.7,0,
AGL020040000-IRR,36.74602,-121.6126,-143785.8,-139989.4,20.2,1,
AGL020040001-WELL_1,36.73737,-121.65601,-147672.8,-140883.9,6.2,0,
AGL020040013-SETTRINI AG,36.72096,-121.6212,-144600.2,-142761.2,5.45,0,
AGL020040013-SETTRINI DOM,36.72213,-121.61638,-144168.1,-142638.5,17.15,1,
AGL020040030-ALBERT_AG2,36.3824,-121.32931,-119095.0,-180789.2,13.45,1,
AGL020040030-ALBERT_DOM,36.38223,-121.32864,-119035.2,-180809.0,9.8,0,
AGL020040032-HOME AW3,36.39368,-121.32528,-118716.4,-179540.9,6.1,0,
AGL020040032-HOME DW,36.39468,-121.33134,-119257.7,-179422.1,11.0,1,
AGL020040032-HOME DW2,36.38652,-121.32974,-119127.1,-180330.9,0.95,0,
AGL020040033-JOHN WELL1,36.38386,-121.33107,-119250.4,-180624.8,12.8,1,
AGL020040033-JOHN_AG3,36.38557,-121.33112,-119252.2,-180434.7,0.95,0,
AGL020040034-JOHN_AG2,36.38545,-121.33145,-119281.9,-180447.6,3.55,0,
AGL020040034-JOHN_DW2,36.39246,-121.33434,-119529.8,-179665.0,7.45,0,
AGL020040035-LCAGWELL1,36.40558,-121.32388,-118572.5,-178220.3,61.85,1,
AGL020040036-SKY RCH DW,36.31964,-121.31348,-117773.4,-187782.7,0.3,0,
AGL020040036-SKYR_AG2,36.31968,-121.31394,-117814.6,-187777.7,9.05,0,
AGL020040037-ZABALA AW3,36.32801,-121.31547,-117939.0,-186850.2,52.8,1,
AGL020040037-ZABALA DW,36.32734,-121.31699,-118076.3,-186922.8,66.45,1,
AGL020040038-RUSSELL_1,36.74279,-121.68722,-150444.9,-140232.5,5.8,0,
AGL020040069-DOM_WELL,36.61806,-121.55849,-139195.3,-154290.0,152.0,1,
AGL020040069-WELL #3,36.6141,-121.55531,-138918.6,-154734.7,2.0,0,
AGL020040070-DOMESTIC,36.59567,-121.5396361,-137552.0,-156805.6,7.55,0,
AGL020040070-WELL #1,36.5959373,-121.5451424,-138043.4,-156767.9,3.85,0,
AGL020040084-AG,36.6815664,-121.7253955,-153972.4,-146974.8,0.5,0,
AGL020040084-DOMESTIC,36.6812282,-121.725525,-153984.6,-147012.2,0.3,0,
AGL020040089-SAINZ_WELL,36.59141,-121.62625,-145297.5,-157149.8,2.6,0,
AGL020040102-FAJIO,36.57011,-121.57106,-140406.2,-159599.9,15.8,1,
AGL020040103-DOMESTIC,36.71786,-121.6187,-144383.1,-143109.5,9.55,0,
AGL020040103-PRIMARY IRR,36.71742,-121.62224,-144699.6,-143153.0,18.7,1,
AGL020040103-WELL_2,36.72029,-121.61502,-144050.3,-142845.1,17.1,1,
AGL020040104-ISABELLE AG,36.57443,-121.57999,-141196.2,-159106.5,13.2,1,
AGL020040117-LONE OAK WELL,36.46043,-121.45103,-129866.5,-171958.8,1.5,0,
AGL020040143-MCFADDEN_D,36.68597,-121.73444,-154770.5,-146470.7,0.0,0,
AGL020040143-WELL #4,36.68756,-121.72606,-154019.5,-146307.7,0.0,0,
AGL020040144-WELL #2,36.65934,-121.71443,-153038.6,-149462.4,0.0,0,
AGL020040188-FREW 105,36.25854,-121.17994,-105884.7,-194729.4,15.85,1,
AGL020040189-109,36.29078,-121.17806,-105671.5,-191149.1,1.35,0,
AGL020040196-WELL_1,36.704911,-121.58957,-141809.1,-144592.5,10.7,1,
AGL020040221-WELL 1,36.53175,-121.46044,-130586.6,-164020.6,44.05,1,
AGL020040287-IRR,36.76026,-121.61471,-143947.0,-138403.7,11.8,1,
AGL020040304-IRRIGATION WELL,36.47888,-121.4092,-126092.6,-169965.1,16.1,1,
AGL020040305-AG WELL,36.75055,-121.69775,-151368.3,-139353.4,1.0,0,
AGL020040322-ODELLO DOM,36.71067,-121.67731,-149624.5,-143817.6,16.3,1,
AGL020040322-ODELLO W2,36.71499,-121.67788,-149666.9,-143336.7,26.7,1,
AGL020040362-AG WELL,36.63109,-121.54242,-137736.6,-152865.5,8.9,0,
AGL020040364-WELL #1,36.36849,-121.28694,-115320.2,-182387.3,0.9,0,
AGL020040403-TARP_E_84,36.59048,-121.60735,-143610.8,-157281.9,2.8,0,
AGL020040406-WELL_1,36.75967,-121.70933,-152382.4,-138321.4,1.8,0,
AGL020040406-WELL_4,36.77013,-121.69922,-151460.3,-137175.2,0.4,0,
AGL020040406-WELL_5,36.77043,-121.71167,-152569.4,-137121.9,0.4,0,
AGL020040608-WELL_1,36.64649,-121.67889,-149891.7,-150947.2,0.5,0,
AGL020040622-RICCA,36.76027,-121.61465,-143941.6,-138402.7,11.9,1,
AGL020040666-WELL #1,36.69664,-121.59103,-141954.8,-145509.4,23.6,1,
AGL020040672-AND 2,36.74605,-121.61256,-143782.2,-139986.1,9.5,0,
AGL020040672-AND 4,36.75103,-121.60909,-143463.4,-139437.9,14.0,1,
AGL020040673-BV DOM,36.59275,-121.61176,-144000.5,-157023.0,5.6,0,
AGL020040673-BV92,36.59153,-121.6097,-143818.8,-157161.7,2.7,0,
AGL020040674-HACIENDA 102,36.28711,-121.18444,-106248.8,-191549.8,5.2,0,
AGL020040674-HAC_5_100,36.29068,-121.19283,-106996.4,-191143.6,1.3,0,
AGL020040674-HAC_6_DOM,36.27747,-121.18324,-106154.6,-192622.3,1.3,0,
AGL020040675-JUANITA 12,36.58358,-121.54069,-137668.0,-158147.6,5.3,0,
AGL020040675-JUANITA 14,36.58888,-121.54111,-137695.9,-157558.0,20.5,1,
AGL020040680-WELL #2,36.65372,-121.5794,-140996.7,-150296.3,10.3,1,
AGL020040682-MADOLO_96,36.72374,-121.62887,-145278.9,-142440.5,25.3,1,
AGL020040682-MADOLO_DOM,36.72164,-121.62257,-144721.0,-142683.5,50.8,1,
AGL020040683-MCCOY 111,36.36862,-121.2383,-110961.7,-182430.9,17.7,1,
AGL020040683-MCCOY DOM,36.36435,-121.23503,-110674.9,-182909.2,6.8,0,
AGL020040684-MOFFIT 1,36.71853,-121.63627,-145948.8,-143008.1,2.2,0,
AGL020040688-MUSANTE 16,36.61162,-121.56945,-140186.0,-154989.5,12.1,1,
AGL020040688-MUSANTE 17,36.61071,-121.57107,-140332.4,-155088.2,56.1,1,
AGL020040689-OSHITA 113,36.41004,-121.29871,-116311.6,-177755.9,9.1,0,
AGL020040689-OSHITA DOM,36.40799,-121.28431,-115025.1,-178001.2,9.5,0,
AGL020040690-SCHIPPER,36.35749,-121.22084,-109413.2,-183687.9,4.9,0,
AGL020040691-SHORT 116,36.58444,-121.4734,-131654.3,-158147.6,17.8,1,
AGL020040692-SMITH 18,36.72551,-121.63319,-145660.8,-142237.2,2.4,0,
AGL020040692-SMITH 19,36.72699,-121.64321,-146551.5,-142057.3,39.3,1,
AGL020040693-STRUBY 20,36.71653,-121.68623,-150408.5,-143152.3,1.0,0,
AGL020040694-VIOLINI 22,36.6025,-121.61382,-144166.1,-155936.4,1.1,0,
AGL020040695-WSFARMS23_1,36.72526,-121.63961,-146233.8,-142255.1,6.3,0,
AGL020040696-TARP MIDDLE 82,36.5924,-121.6168,-144451.4,-157054.2,6.1,0,
AGL020040711-WELL #16,36.66241,-121.711,-152726.3,-149126.8,0.2,0,
AGL020040712-PUMP #3,36.66901,-121.71727,-153272.6,-148383.3,0.2,0,
AGL020040715-WELL #1,36.72122,-121.63037,-145417.5,-142718.3,75.7,1,
AGL020040716-WELL #1,36.72932,-121.62541,-144959.7,-141825.7,10.8,1,
AGL020040721-DOM_WELL,36.39794,-121.34629,-120591.6,-179041.0,11.7,1,
AGL020040722-WELL #1,36.74566,-121.64223,-146428.2,-139984.0,0.7,0,
AGL020040724-WELL 1,36.08986,-120.9836,-88460.8,-213672.8,2.4,0,
AGL020040727-LYONSP3L4,36.75943,-121.73387,-154570.3,-138308.3,1.2,0,
AGL020040731-WELL1,36.46998,-121.46689,-131269.5,-170875.7,4.8,0,
AGL020040734-AG WELL,36.30721,-121.3065,-117166.7,-189172.5,0.2,0,
AGL020040734-DOM WELL,36.30758,-121.3093,-117417.2,-189128.0,1.6,0,
AGL020040750-RUSSEL_1,36.74279,-121.68722,-150444.9,-140232.5,5.7,0,
AGL020040752-GLUHAICH,36.745708,-121.6805,-149840.0,-139918.9,8.0,0,
AGL020040779-AG_WELL,36.59512,-121.60069,-143007.1,-156776.4,1.2,0,
AGL020040791-6528-003,36.285978,-121.177204,-105601.3,-191683.6,2.0,0,
AGL020040804-SMITH-HOOK,36.38917,-121.36481,-122264.4,-179991.8,2.8,0,
AGL020040810-DUAL,36.39972,-121.37694,-123334.0,-178803.8,4.8,0,
AGL020040845-UWW7,36.10965,-121.0266,-92304.1,-211433.0,0.9,0,
AGL020040848-WELL #2,36.69639,-121.67966,-149862.2,-145400.8,3.8,0,
AGL020040857-WW2,36.10874,-121.02622,-92271.0,-211534.5,0.7,0,
AGL020040868-AG WELL,36.42103,-121.3058,-116929.7,-176525.9,8.0,0,
AGL020040868-DOM WELL,36.42123,-121.30578,-116927.6,-176503.7,8.6,0,
AGL020040869-AG WELL,36.30256,-121.27359,-114222.4,-189729.4,96.6,1,
AGL020040897-BRAO1 AWW,36.70156,-121.67845,-149744.1,-144828.2,60.8,1,
AGL020040908-R4 P1 WELL,36.52182,-121.46935,-131400.3,-165111.8,43.6,1,
AGL020040919-WELL #1,36.64535,-121.5671,-139914.1,-151244.7,18.0,1,
AGL020040920-AG WELL,36.73104,-121.62964,-145333.6,-141628.1,49.4,1,
AGL020040921-WILLIAMS_1,36.66355,-121.55201,-138533.9,-149244.4,6.6,0,
AGL020040921-WILLIAMS_D,36.66523,-121.55298,-138617.4,-149056.2,10.0,0,
AGL020040922-ZABALA_1,36.64535,-121.56709,-139913.2,-151244.7,34.9,1,
AGL020040923-AG WELL,36.80108,-121.71389,-152705.6,-133712.2,10.1,1,
AGL020040932-BIANCHI_WELL,36.43327,-121.40159,-125486.6,-175043.4,39.3,1,
AGL020040966-AG WELL,36.37873,-121.34168,-120208.9,-181181.4,4.5,0,
AGL020040966-DOM WELL,36.36605,-121.35152,-121110.6,-182577.9,1.9,0,
AGL020040966-DUAL,36.38095,-121.34896,-120857.6,-180925.5,4.3,0,
AGL020040971-WELL #4,36.69171,-121.69616,-151343.5,-145894.7,26.9,1,
AGL020041003-AG WELL,36.56158,-121.54596,-138178.7,-160584.6,6.5,0,
CA2700014_001_001,36.626076,-121.547218,-138174.1,-153415.7,29.0,1,
CA2700032_001_001,36.61164,-121.54368,-137884.3,-155025.1,3.25,0,
CA2700042_001_001,36.638583,-121.565944,-139823.4,-151998.4,80.7,1,
CA2700101_001_001,36.63227,-121.566254,-139862.6,-152699.5,0.6,0,
CA2700147_001_001,36.622482,-121.517793,-135553.0,-153857.6,42.5,1,
CA2700156_001_001,36.624449,-121.553676,-138753.8,-153587.1,49.1,1,
CA2700156_002_002,36.622757,-121.554931,-138868.9,-153773.3,1.3,0,
CA2700236_001_001,36.761415,-121.606952,-143253.2,-138287.1,5.2,0,
CA2700503_001_001,36.757847,-121.662869,-148244.5,-138597.6,0.55,0,
CA2700509_001_001,36.808527,-121.645472,-146595.9,-132992.6,1.7,0,
CA2700509_004_004,36.808684,-121.645666,-146612.9,-132974.9,0.2,0,
CA2700511_001_001,36.790874,-121.657614,-147711.9,-134935.6,1.7,0,
CA2700511_002_002,36.788778,-121.660403,-147964.4,-135164.2,3.45,0,
CA2700511_003_003,36.783604,-121.64872,-146933.4,-135757.3,0.6,0,
CA2700521_001_001,36.646559,-121.586173,-141614.6,-151082.0,1.4,0,
CA2700522_001_001,36.791145,-121.671727,-148968.8,-134883.4,2.3,0,
CA2700522_002_002,36.791428,-121.67189,-148982.8,-134851.7,2.3,0,
CA2700523_008_008,36.550427,-121.733905,-154998.2,-161533.4,1.0,0,
CA2700534_001_001,36.817657,-121.63998,-146089.1,-131986.5,11.7,1,
CA2700534_002_002,36.817662,-121.639944,-146085.9,-131986.0,8.3,0,
CA2700534_003_003,36.817645,-121.639902,-146082.2,-131987.9,11.2,1,
CA2700534_004_004,36.817539,-121.639775,-146071.1,-131999.9,10.9,1,
CA2700534_006_006,36.8175,-121.639722,-146066.5,-132004.3,8.8,0,
CA2700536_004_004,36.570352,-121.726477,-154293.9,-159331.4,0.55,0,
CA2700541_003_003,36.792777,-121.698611,-151361.0,-134659.4,0.1,0,
CA2700547_001_001,36.802991,-121.700514,-151510.2,-133521.3,0.65,0,
CA2700548_001_001,36.795941,-121.73707,-154781.2,-134245.7,0.9,0,
CA2700552_003_003,36.824607,-121.666794,-148463.9,-131172.5,0.05,0,
CA2700558_001_001,36.740054,-121.659636,-147990.9,-140580.0,31.6,1,
CA2700577_001_001,36.797111,-121.718086,-153087.4,-134146.5,0.8,0,
CA2700579_001_001,36.835009,-121.726615,-153770.6,-129921.1,7.6,0,
CA2700579_002_002,36.834943,-121.726785,-153785.9,-129928.2,0.05,0,
CA2700586_003_003,36.751514,-121.621272,-144548.5,-139365.7,0.8,0,
CA2700586_008_008,36.755744,-121.617767,-144228.0,-138900.9,3.2,0,
CA2700589_001_001,36.825318,-121.663785,-148194.5,-131098.2,7.4,0,
CA2700592_001_001,36.759728,-121.648249,-146937.6,-138411.4,1.6,0,
CA2700594_001_001,36.837222,-121.704111,-151762.2,-129711.5,4.95,0,
CA2700594_002_002,36.837377,-121.702036,-151577.1,-129697.6,4.3,0,
CA2700612_001_001,36.827916,-121.674166,-149114.0,-130793.2,1.22,0,
CA2700612_003_003,36.569224,-121.75445,-156795.9,-159410.9,2.2,0,
CA2700624_001_001,36.808399,-121.704588,-151862.3,-132913.8,5.45,0,
CA2700634_001_001,36.8439,-121.675826,-149230.4,-129014.2,2.2,0,
CA2700636_003_003,36.839238,-121.672171,-148914.1,-129538.1,0.8,0,
CA2700638_001_001,36.841527,-121.674916,-149154.0,-129279.4,2.2,0,
CA2700656_002_002,36.814393,-121.642437,-146314.3,-132345.4,5.8,0,
CA2700656_006_006,36.814525,-121.642216,-146294.3,-132331.1,0.2,0,
CA2700656_007_007,36.813505,-121.64306,-146371.5,-132443.2,14.1,1,
CA2700665_001_001,36.819653,-121.639568,-146048.6,-131765.3,11.25,1,
CA2700665_002_002,36.819543,-121.639213,-146017.2,-131778.1,6.5,0,
CA2700665_003_003,36.819358,-121.638888,-145988.6,-131799.1,10.1,1,
CA2700669_002_002,36.775005,-121.665215,-148420.1,-136687.2,1.8,0,
CA2700674_001_001,36.813611,-121.704444,-151839.1,-132334.8,1.7,0,
CA2700674_002_002,36.816361,-121.7055,-151927.6,-132027.5,0.6,0,
CA2700674_003_003,36.816334,-121.705475,-151925.4,-132030.6,1.2,0,
CA2700678_001_001,36.818528,-121.687021,-150277.4,-131816.2,4.6,0,
CA2700682_002_002,36.823888,-121.675277,-149220.8,-131239.1,0.2,0,
CA2700686_002_002,36.820568,-121.674764,-149181.7,-131608.8,10.0,0,
CA2700686_003_003,36.820764,-121.67475,-149180.0,-131587.1,1.0,0,
CA2700687_001_001,36.779136,-121.657771,-147748.7,-136239.8,3.2,0,
CA2700687_002_002,36.779173,-121.657893,-147759.5,-136235.5,0.75,0,
CA2700691_001_001,36.785647,-121.62741,-145030.6,-135563.1,0.05,0,
CA2700702_002_002,36.810125,-121.655722,-147505.9,-132799.1,0.05,0,
CA2700702_003_003,36.810174,-121.658041,-147712.4,-132790.1,0.05,0,
CA2700702_004_004,36.809899,-121.658811,-147781.5,-132819.5,0.05,0,
CA2700703_002_002,36.799492,-121.666271,-148466.4,-133964.3,1.7,0,
CA2700703_004_004,36.799184,-121.667409,-148568.4,-133996.8,1.8,0,
CA2700703_006_006,36.799185,-121.667792,-148602.5,-133996.1,1.9,0,
CA2700705_001_001,36.778638,-121.665694,-148455.7,-136282.7,6.05,0,
CA2700709_001_001,36.77614,-121.675111,-149299.8,-136545.6,4.45,0,
CA2700713_001_001,36.827186,-121.630855,-145258.1,-130941.5,6.3,0,
CA2700713_003_003,36.829747,-121.633187,-145460.9,-130653.3,0.05,0,
CA2700713_005_005,36.827239,-121.630901,-145262.1,-130935.6,9.7,0,
CA2700713_006_006,36.827205,-121.630932,-145265.0,-130939.3,4.9,0,
CA2700713_007_007,36.829083,-121.633789,-145515.8,-130726.2,9.3,0,
CA2700728_001_001,36.013725,-120.915228,-82393.6,-222193.5,0.2,0,
CA2700728_002_002,36.013585,-120.915295,-82399.8,-222209.0,0.2,0,
CA2700738_001_001,36.828792,-121.676953,-149360.5,-130691.4,21.0,1,
CA2700738_002_002,36.828583,-121.677472,-149407.1,-130713.8,22.0,1,
CA2700738_003_003,36.829868,-121.673807,-149078.2,-130576.8,4.85,0,
CA2700766_001_001,36.832006,-121.703334,-151703.5,-130292.4,3.8,0,
CA2700775_002_002,36.567055,-121.731333,-154734.6,-159689.9,3.0,0,
CA2700792_001_001,36.79704,-121.6619,-148081.7,-134243.7,0.55,0,
CA2700837_001_001,36.772,-121.684972,-150186.8,-136990.1,2.0,0,
CA2700838_001_001,36.816202,-121.624077,-144675.4,-132172.6,0.05,0,
CA2700838_002_002,36.819767,-121.625587,-144803.1,-131774.1,9.65,0,
CA2700842_002_002,36.786984,-121.721591,-153420.2,-135266.3,0.8,0,
CA2700850_001_001,36.746523,-121.694514,-151087.8,-139806.1,1.1,0,
CA2700851_001_001,36.73875,-121.677972,-149628.3,-140696.1,1.3,0,
CA2700853_001_001,36.731805,-121.674777,-149357.1,-141473.0,1.4,0,
CA2700853_003_003,36.738646,-121.678031,-149633.8,-140707.6,0.5,0,
CA2700856_001_001,36.625006,-121.554912,-138863.1,-153523.4,25.3,1,
CA2700889_001_001,36.644997,-121.717181,-153313.0,-151051.8,0.55,0,
CA2700964_001_001,35.862745,-120.805978,-72701.2,-239056.7,7.0,0,
CA2700983_003_003,35.849556,-120.769053,-69382.4,-240549.6,0.5,0,
CA2700984_001_001,35.830937,-120.757809,-68384.6,-242626.2,1.1,0,
CA2700998_004_004,36.727382,-121.782118,-158937.9,-141789.9,0.12,0,
CA2700999_001_001,36.335805,-121.212055,-108656.7,-186107.6,5.95,0,
CA2701000_002_002,36.449113,-121.363716,-122070.6,-173332.3,1.1,0,
CA2701034_003_003,36.312184,-121.265868,-113515.6,-188669.3,0.15,0,
CA2701036_001_001,36.315778,-121.258879,-112883.6,-188278.3,33.8,1,
CA2701040_001_001,36.459122,-121.377776,-123312.9,-172201.9,11.0,1,
CA2701046_001_001,36.459027,-121.375666,-123124.2,-172215.2,0.3,0,
CA2701057_001_001,36.571305,-121.522222,-136039.8,-159538.3,3.4,0,
CA2701063_001_001,36.502252,-121.440838,-128883.8,-167325.4,71.65,1,
CA2701068_001_001,36.558194,-121.473333,-131693.6,-161064.2,22.75,1,
CA2701068_003_003,36.558162,-121.473489,-131707.6,-161067.6,1.3,0,
CA2701109_001_001,36.715638,-121.719083,-153340.5,-143198.8,0.3,0,
CA2701142_001_001,36.586639,-121.71175,-152945.3,-157545.5,0.05,0,
CA2701144_001_001,36.633089,-121.568972,-140103.8,-152604.4,89.55,1,
CA2701144_002_002,36.633041,-121.569082,-140113.7,-152609.6,7.3,0,
CA2701151_001_001,36.623277,-121.531111,-136740.9,-153750.1,3.5,0,
CA2701152_001_001,36.593083,-121.539027,-137502.2,-157094.0,1.9,0,
CA2701153_001_001,36.735472,-121.68475,-150239.1,-141049.7,11.7,1,
CA2701171_002_002,35.958057,-120.86345,-77788.7,-228422.1,0.2,0,
CA2701171_004_004,35.963908,-120.870831,-78447.7,-227765.9,0.71,0,
CA2701171_005_005,35.963211,-120.871067,-78469.7,-227843.2,0.2,0,
CA2701172_003_003,36.18757,-121.076638,-96704.6,-202725.4,5.2,0,
CA2701176_001_001,36.404946,-121.355916,-121442.6,-178250.2,6.5,0,
CA2701187_001_001,35.952222,-120.862138,-77676.4,-229071.4,2.1,0,
CA2701202_002_002,36.570347,-121.515004,-135396.5,-159655.1,0.72,0,
CA2701202_004_004,36.569589,-121.513705,-135281.8,-159741.1,0.58,0,
CA2701214_002_002,36.626732,-121.592985,-142259.8,-153275.1,1.6,0,
CA2701214_003_003,36.626694,-121.593222,-142281.0,-153279.0,3.8,0,
CA2701231_001_001,36.802681,-121.665691,-148408.5,-133610.8,4.75,0,
CA2701232_001_001,36.733055,-121.6075,-143355.5,-141437.9,1.0,0,
CA2701232_004_004,36.731666,-121.604722,-143110.4,-141596.5,16.2,1,
CA2701241_001_001,36.621677,-121.505707,-134475.1,-153964.2,59.55,1,
CA2701298_002_002,36.626732,-121.592985,-142259.8,-153275.1,1.1,0,
CA2701325_001_001,36.504166,-121.506666,-134768.3,-167021.1,0.2,0,
CA2701364_001_001,36.599846,-121.630864,-145693.6,-156205.3,2.8,0,
CA2701367_003_003,36.567355,-121.735147,-155074.8,-159650.3,0.2,0,
CA2701367_005_005,36.567458,-121.735147,-155074.6,-159638.9,1.05,0,
CA2701403_001_001,36.328472,-121.259305,-112903.1,-186867.2,0.16,0,
CA2701403_007_007,36.328291,-121.260417,-113003.0,-186886.0,0.2,0,
CA2701423_001_001,35.952222,-120.862139,-77676.5,-229071.4,1.9,0,
CA2701423_002_002,36.825456,-121.658004,-147679.4,-131091.8,2.3,0,
CA2701452_002_002,36.768181,-121.797734,-160244.5,-137229.8,0.05,0,
CA2701452_004_004,36.758201,-121.80102,-160558.4,-138333.3,0.05,0,
CA2701466_001_001,36.577143,-121.810663,-161802.3,-158436.5,0.0,0,
CA2701466_005_005,36.57625,-121.809182,-161671.8,-158538.2,0.38,0,
CA2701466_007_007,36.576666,-121.813055,-162017.0,-158485.4,0.25,0,
CA2701498_001_001,36.817272,-121.715274,-152796.4,-131910.6,1.4,0,
CA2701515_001_001,36.798765,-121.745714,-155545.5,-133917.8,0.2,0,
CA2701515_005_005,36.798917,-121.745662,-155540.6,-133900.9,0.2,0,
CA2701542_001_001,36.523116,-121.464524,-130966.5,-164974.4,21.5,1,
CA2701542_002_002,36.522965,-121.464791,-130990.7,-164990.9,22.75,1,
CA2701550_001_001,36.427676,-121.307602,-117080.8,-175785.2,9.9,0,
CA2701550_002_002,36.427333,-121.306777,-117007.5,-175824.3,0.05,0,
CA2701553_002_002,36.818118,-121.67183,-148925.1,-131885.7,1.1,0,
CA2701575_001_001,36.588851,-121.604766,-143383.0,-157466.9,1.4,0,
CA2701575_002_002,36.590277,-121.606388,-143525.2,-157305.9,1.3,0,
CA2701579_003_003,36.452062,-121.368326,-122478.5,-172998.7,5.5,0,
CA2701589_006_006,36.591339,-121.449735,-129528.2,-157413.5,3.2,0,
CA2701622_001_001,36.8,-121.7,-151470.3,-133854.5,1.7,0,
CA2701630_001_001,36.791019,-121.668476,-148679.4,-134902.5,1.0,0,
CA2701633_002_002,36.814046,-121.702299,-151647.1,-132289.9,1.3,0,
CA2701647_001_001,36.796278,-121.732381,-154362.7,-134215.9,2.8,0,
CA2701670_002_002,36.817352,-121.662223,-148070.9,-131985.9,0.2,0,
CA2701676_001_001,36.107027,-121.010111,-90824.7,-211740.4,16.0,1,
CA2701676_002_002,36.107269,-121.010305,-90841.8,-211713.3,5.5,0,
CA2701676_006_006,36.105538,-121.013374,-91119.8,-211902.7,0.4,0,
CA2701679_001_001,36.631282,-121.669698,-149100.9,-152651.6,0.2,0,
CA2701681_001_001,36.578,-121.726944,-154320.2,-158480.8,1.5,0,
CA2701683_001_001,36.799749,-121.742752,-155279.6,-133813.3,0.63,0,
CA2701683_002_002,36.799774,-121.743684,-155362.6,-133809.0,0.17,0,
CA2701726_001_001,36.621832,-121.557995,-139144.2,-153871.6,12.2,1,
CA2701740_001_001,36.638916,-121.704583,-152200.5,-151747.9,0.2,0,
CA2701740_012_012,36.625833,-121.686944,-150651.6,-153229.9,0.75,0,
CA2701742_001_001,36.263181,-121.180235,-105904.8,-194213.3,0.08,0,
CA2701742_006_006,36.263361,-121.180681,-105944.5,-194192.8,0.15,0,
CA2701789_001_001,36.795801,-121.641031,-146224.8,-134413.7,1.0,0,
CA2701793_001_001,36.637119,-121.668666,-148997.4,-152004.6,0.35,0,
CA2701814_001_001,36.800436,-121.665969,-148437.6,-133859.9,2.8,0,
CA2701820_001_001,36.518083,-121.460444,-130610.3,-165539.3,7.4,0,
CA2701822_001_001,36.557083,-121.740861,-155606.4,-160782.4,1.5,0,
CA2701822_002_002,36.557428,-121.743621,-155852.3,-160739.5,0.05,0,
CA2701837_002_002,36.788344,-121.705002,-151939.3,-135141.8,5.2,0,
CA2701882_016_016,36.57225,-121.775335,-158655.9,-159039.9,1.12,0,
CA2701882_019_019,36.573467,-121.770117,-158187.1,-158913.4,1.51,0,
CA2701897_001_001,36.600001,-121.631725,-145770.2,-156186.7,1.4,0,
CA2701904_006_006,36.661995,-121.55335,-138656.3,-149415.2,6.3,0,
CA2701912_002_002,36.630432,-121.668261,-148974.3,-152748.3,5.6,0,
CA2701922_001_001,36.731194,-121.616694,-144178.9,-141630.8,2.5,0,
CA2701926_002_002,36.803998,-121.659834,-147884.1,-133473.6,9.8,0,
CA2701926_003_003,36.807993,-121.654997,-147445.5,-133037.2,0.6,0,
CA2701926_007_007,36.804046,-121.659827,-147883.4,-133468.3,0.2,0,
CA2701929_001_001,36.764262,-121.662911,-148235.7,-137884.7,1.9,0,
CA2701929_002_002,36.765444,-121.656194,-147634.7,-137763.8,1.3,0,
CA2701931_002_002,36.618856,-121.519623,-135722.9,-154257.9,4.4,0,
CA2701935_001_001,36.544,-121.669666,-149268.9,-162350.6,0.05,0,
CA2701935_002_002,36.54383,-121.669787,-149280.0,-162369.3,0.05,0,
CA2701940_001_001,36.835799,-121.668816,-148622.1,-129925.5,2.7,0,
CA2701940_003_003,36.834622,-121.667295,-148488.9,-130058.7,2.5,0,
CA2701940_004_004,36.834747,-121.667201,-148480.3,-130045.0,1.6,0,
CA2701942_001_001,36.791284,-121.666492,-148502.1,-134876.1,0.2,0,
CA2701946_001_001,36.503055,-121.389583,-124298.0,-167304.6,9.9,0,
CA2701946_004_004,36.503025,-121.39,-124335.4,-167307.4,2.0,0,
CA2701949_001_001,36.64,-121.71,-152682.0,-151618.7,0.2,0,
CA2701959_001_001,36.554509,-121.696063,-151607.7,-161141.0,0.4,0,
CA2701964_001_001,36.627622,-121.544891,-137963.6,-153247.3,56.6,1,
CA2702003_001_001,36.797055,-121.653444,-147328.3,-134255.2,1.0,0,
CA2702003_002_002,36.797153,-121.654415,-147414.6,-134242.8,1.8,0,
CA2702004_001_001,36.762478,-121.666679,-148575.0,-138077.0,0.37,0,
CA2702007_001_001,36.8022,-121.6301,-145238.7,-133719.4,1.3,0,
CA2702007_007_007,36.802272,-121.630132,-145241.4,-133711.4,8.3,0,
CA2702009_001_001,36.572027,-121.766444,-157861.9,-159079.5,1.1,0,
CA2702009_005_005,36.571917,-121.766733,-157887.9,-159091.2,0.5,0,
CA2702021_003_003,36.779136,-121.589809,-141692.1,-136343.5,0.15,0,
CA2702030_001_001,36.581514,-121.727571,-154369.1,-158089.3,0.05,0,
CA2702055_001_001,36.795686,-121.660471,-147957.1,-134396.4,1.2,0,
CA2702073_002_002,36.812861,-121.67082,-148845.5,-132471.5,0.2,0,
CA2702073_003_003,36.812957,-121.670747,-148838.8,-132460.9,3.2,0,
CA2702094_001_001,36.772833,-121.682611,-149974.7,-136901.2,1.85,0,
CA2702121_001_001,36.60581,-121.554367,-138849.5,-155657.3,0.94,0,
CA2702135_001_001,36.560555,-121.563888,-139782.8,-160672.2,4.3,0,
CA2702161_001_001,36.63,-121.54,-137522.5,-152990.1,17.0,1,
CA2702165_001_001,36.773455,-121.667919,-148664.1,-136855.2,8.6,0,
CA2702180_001_001,36.696111,-121.700722,-151741.8,-145398.3,2.9,0,
CA2702180_002_002,36.696156,-121.700864,-151754.4,-145393.1,0.5,0,
CA2702198_001_001,36.66245,-121.552841,-138610.1,-149365.4,5.3,0,
CA2702198_002_002,36.662493,-121.552801,-138606.4,-149360.7,3.41,0,
CA2702202_001_001,36.607132,-121.551939,-138630.2,-155514.0,1.65,0,
CA2702226_002_002,36.824033,-121.735774,-154608.5,-131126.0,0.2,0,
CA2702226_003_003,36.815192,-121.731978,-154288.4,-132114.7,0.9,0,
CA2702229_001_001,36.804527,-121.672944,-149051.0,-133394.3,6.1,0,
CA2702254_002_002,36.662478,-121.55277,-138603.7,-149362.4,0.2,0,
CA2702259_004_004,36.740583,-121.609417,-143512.3,-140598.4,10.4,1,
CA2702315_001_001,36.567889,-121.727216,-154365.0,-159603.9,3.55,0,
CA2702317_001_001,36.390504,-121.365271,-122303.6,-179842.9,3.25,0,
CA2702320_001_001,36.664304,-121.700806,-151812.7,-148932.7,0.6,0,
CA2702320_002_002,36.664735,-121.700233,-151760.7,-148885.7,0.1,0,
CA2702368_001_001,36.795045,-121.663402,-148219.4,-134463.0,1.0,0,
CA2702368_002_002,36.79508,-121.663545,-148232.1,-134458.9,1.18,0,
CA2702370_005_005,36.570116,-121.761452,-157419.8,-159300.1,1.5,0,
CA2702374_001_001,36.79525,-121.667666,-148599.0,-134433.6,0.2,0,
CA2702382_001_001,36.803439,-121.667,-148523.6,-133524.6,3.6,0,
CA2702388_001_001,36.835194,-121.673527,-149042.8,-129985.4,3.9,0,
CA2702388_002_002,36.835062,-121.673872,-149073.8,-129999.5,0.45,0,
CA2702396_001_001,36.480733,-121.4851,-132880.2,-169655.5,0.8,0,
CA2702409_001_001,36.61554,-121.568674,-140109.5,-154555.0,20.95,1,
CA2702409_002_002,36.615228,-121.569176,-140154.9,-154589.0,5.05,0,
CA2702412_001_001,36.452361,-121.356388,-121409.5,-172980.8,4.7,0,
CA2702412_002_002,36.453168,-121.356761,-121441.6,-172890.7,3.7,0,
CA2702412_006_006,36.438872,-121.34722,-120610.3,-174491.4,4.2,0,
CA2702431_001_001,36.389836,-121.365554,-122330.0,-179916.8,2.2,0,
CA2702439_001_001,36.789305,-121.634083,-145618.2,-135146.3,0.2,0,
CA2702439_002_002,36.783986,-121.634453,-145661.4,-135736.9,0.05,0,
CA2702444_001_001,36.596702,-121.624161,-145100.8,-156564.9,5.2,0,
CA2702452_001_001,36.636694,-121.601944,-143041.1,-152154.6,4.8,0,
CA2702452_002_002,36.636456,-121.601754,-143024.5,-152181.3,62.0,1,
CA2702453_001_001,36.712722,-121.769111,-157808.4,-143440.8,9.2,0,
CA2702456_001_001,36.705409,-121.769215,-157832.9,-144253.2,12.05,1,
CA2702456_002_002,36.636456,-121.601754,-143024.5,-152181.3,0.2,0,
CA2702466_001_001,36.407362,-121.267725,-113540.7,-178091.0,5.2,0,
CA2702466_002_002,36.407276,-121.267312,-113503.9,-178101.1,6.1,0,
CA2702466_021_021,36.407363,-121.269595,-113708.2,-178088.7,3.8,0,
CA2702475_001_001,36.704166,-121.582416,-141172.4,-144685.9,6.5,0,
CA2702482_001_001,36.745635,-121.686646,-150388.1,-139917.3,18.1,1,
CA2702484_001_001,36.649875,-121.632441,-145738.7,-150643.4,16.8,1,
CA2702484_003_003,36.651125,-121.632229,-145717.4,-150504.8,1.45,0,
CA2702484_006_006,36.650999,-121.633878,-145864.8,-150516.3,1.0,0,
CA2702486_001_001,36.006831,-120.91821,-82669.5,-222956.8,1.4,0,
CA2702490_001_001,36.775055,-121.667972,-148665.7,-136677.3,3.5,0,
CA2702496_001_001,36.378109,-121.303868,-116822.3,-181297.7,0.38,0,
CA2702519_001_001,36.644606,-121.581704,-141219.3,-151305.7,2.35,0,
CA2702520_001_001,36.304627,-121.320518,-118427.7,-189442.1,0.5,0,
CA2702520_003_003,36.30743,-121.314114,-117849.1,-189138.6,0.5,0,
CA2702537_001_001,36.753004,-121.656409,-147678.0,-139145.9,0.38,0,
CA2702539_001_001,36.275651,-121.187493,-106538.6,-192819.6,1.3,0,
CA2702539_002_002,36.27547,-121.188951,-106669.7,-192838.1,6.0,0,
CA2702554_001_001,36.78173,-121.622414,-144592.8,-136006.0,0.8,0,
CA2702554_002_002,36.786589,-121.619673,-144339.4,-135470.2,1.2,0,
CA2702554_006_006,36.785155,-121.624361,-144759.8,-135622.4,1.3,0,
CA2702572_001_001,36.609024,-121.533436,-136974.1,-155330.6,1.05,0,
CA2702584_003_003,36.661471,-121.683433,-150267.7,-149275.2,0.3,0,
CA2702608_001_001,36.830134,-121.680323,-149657.9,-130537.0,9.45,0,
CA2702608_002_002,36.825746,-121.677544,-149419.1,-131029.0,1.02,0,
CA2702609_001_001,36.407994,-121.386902,-124212.8,-177871.4,1.15,0,
CA2702613_001_001,36.428049,-121.306283,-116962.2,-175745.4,0.05,0,
CA2702613_002_002,36.42858,-121.306922,-117018.6,-175685.6,8.4,0,
CA2702615_001_001,36.597349,-121.537541,-137361.8,-156622.1,5.4,0,
CA2702616_001_001,36.629913,-121.540336,-137552.7,-152999.3,56.7,1,
CA2702616_002_002,36.62761,-121.544092,-137892.2,-153249.8,0.8,0,
CA2702621_001_001,36.558166,-121.473524,-131710.8,-161067.1,23.4,1,
CA2702626_001_001,36.536109,-121.402603,-125408.2,-163614.3,6.1,0,
CA2702641_001_001,36.509328,-121.520903,-136032.4,-166427.2,1.9,0,
CA2702642_001_001,36.449863,-121.35975,-121714.4,-173254.1,3.2,0,
CA2702652_001_001,36.803055,-121.751388,-156042.2,-133431.7,0.2,0,
CA2702679_001_001,36.797042,-121.668048,-148629.5,-134233.8,0.5,0,
CA2702681_001_001,36.633623,-121.582722,-141330.5,-152524.7,0.5,0,
CA2702704_001_001,36.624218,-121.629994,-145569.3,-153498.3,0.6,0,
CA2702704_002_002,36.623166,-121.62698,-145302.2,-153619.8,0.7,0,
CA2702704_003_003,36.624382,-121.627028,-145304.1,-153484.6,0.75,0,
CA2702708_001_001,36.622462,-121.526881,-136364.6,-153846.8,3.5,0,
CA2702799_001_001,36.497569,-121.502136,-134374.7,-167760.6,3.2,0,
CA2702802_001_001,36.149786,-121.093072,-98229.1,-206906.8,6.2,0,
CA2702812_001_001,36.636835,-121.56567,-139802.1,-152193.0,5.1,0,
CA2702819_001_001,36.645367,-121.578663,-140946.4,-151225.7,7.95,0,
CA2702830_002_002,36.467715,-121.394689,-124812.5,-171224.9,31.3,1,
CA2702964_001_001,36.741886,-121.769597,-157791.3,-140199.1,0.45,0,
CA2703132_001_001,36.656465,-121.559881,-139249.3,-150020.2,2.2,0,
CA2704520_001_001,36.476906,-121.436077,-128500.6,-170148.3,0.8,0,
CA2704520_002_002,36.469356,-121.43663,-128562.8,-170986.5,1.0,0,
CA2704623_001_001,36.657719,-121.558443,-139118.7,-149882.9,17.4,1,
CA2706552_001_001,36.621472,-121.504413,-134359.9,-153988.8,30.35,1,
CA2708852_001_001,36.630302,-121.568107,-140031.7,-152915.4,109.0,1,
CA2709830_001_001,36.608194,-121.550638,-138512.0,-155397.9,1.4,0,
CA2710001_001_001,36.685299,-121.6042,-143151.1,-146749.9,4.2,0,
CA2710001_002_002,36.682351,-121.613503,-143986.7,-147063.4,7.5,0,
CA2710001_004_004,36.690427,-121.626143,-145099.2,-146146.7,4.2,0,
CA2710001_007_007,36.682388,-121.609249,-143607.1,-147065.8,5.0,0,
CA2710001_011_011,36.696275,-121.614339,-144035.0,-145514.8,2.1,0,
CA2710001_012_012,36.702895,-121.602928,-143004.5,-144796.4,8.1,0,
CA2710001_013_013,36.696271,-121.611211,-143755.9,-145520.0,9.5,0,
CA2710001_021_021,36.688889,-121.605806,-143287.6,-146348.5,1.4,0,
CA2710001_022_022,36.682419,-121.601629,-142927.1,-147073.8,1.35,0,
CA2710003_004_004,36.771998,-121.739058,-155007.1,-136903.2,10.0,0,
CA2710004_024_024,36.617874,-121.822438,-162767.4,-153890.3,2.02,0,
CA2710004_029_029,36.618233,-121.839954,-164330.8,-153820.2,6.43,0,
CA2710004_048_048,36.621515,-121.817794,-162344.9,-153493.7,0.8,0,
CA2710004_050_050,36.618619,-121.830449,-163481.2,-153793.8,3.44,0,
CA2710004_051_051,36.597772,-121.834493,-163887.1,-156103.3,2.97,0,
CA2710004_070_070,36.61971,-121.817424,-162315.7,-153694.9,0.23,0,
CA2710004_075_075,36.615303,-121.8539,-165582.6,-154121.5,6.1,0,
CA2710004_076_076,36.6156,-121.8537,-165564.1,-154088.9,5.6,0,
CA2710004_077_077,36.618464,-121.850258,-165250.5,-153776.6,3.6,0,
CA2710004_083_083,36.618497,-121.850336,-165257.4,-153772.8,1.55,0,
CA2710004_089_089,36.619812,-121.817299,-162304.3,-153683.8,1.82,0,
CA2710004_092_092,36.623494,-121.816972,-162267.3,-153275.2,0.24,0,
CA2710004_094_094,36.623494,-121.816972,-162267.3,-153275.2,0.03,0,
CA2710004_098_110,36.625976,-121.816508,-162220.6,-153000.2,0.05,0,
CA2710004_099_111,36.625947,-121.81826,-162377.1,-153000.4,0.05,0,
CA2710005_003_003,36.771223,-121.754348,-156371.4,-136964.2,0.5,0,
CA2710005_004_004,36.755434,-121.74379,-155462.7,-138736.2,0.3,0,
CA2710005_005_005,36.756792,-121.736584,-154817.6,-138597.1,1.1,0,
CA2710005_009_009,36.771325,-121.754033,-156343.1,-136953.4,0.05,0,
CA2710006_004_004,36.574579,-121.725447,-154193.4,-158863.4,0.58,0,
CA2710006_005_005,36.573547,-121.726894,-154324.7,-158975.7,0.4,0,
CA2710006_006_006,36.574996,-121.724876,-154141.5,-158818.0,0.05,0,
CA2710006_009_009,36.576003,-121.715933,-153340.4,-158720.6,0.82,0,
CA2710007_003_003,36.504176,-121.437606,-128591.5,-167116.0,0.7,0,
CA2710007_004_004,36.499032,-121.435876,-128445.4,-167689.9,0.8,0,
CA2710007_005_005,36.518136,-121.438029,-128605.8,-165564.1,3.5,0,
CA2710007_006_006,36.505606,-121.446378,-129373.6,-166945.1,1.05,0,
CA2710007_011_011,36.5044,-121.437678,-128597.5,-167091.0,7.6,0,
CA2710008_001_001,36.317687,-121.272447,-114097.3,-188049.9,3.8,0,
CA2710008_006_006,36.318161,-121.271693,-114029.0,-187998.1,2.0,0,
CA2710008_010_010,36.327316,-121.250519,-112117.1,-187006.1,0.6,0,
CA2710009_006_006,36.201588,-121.133359,-101780.5,-201108.5,1.56,0,
CA2710009_007_007,36.211493,-121.135207,-101933.3,-200005.9,4.88,0,
CA2710009_008_008,36.204611,-121.140196,-102390.4,-200765.2,1.2,0,
CA2710009_012_012,36.211458,-121.138575,-102235.7,-200006.2,2.3,0,
CA2710009_014_014,36.218114,-121.141231,-102465.3,-199263.8,1.7,0,
CA2710009_015_015,36.209039,-121.140683,-102428.2,-200272.7,1.0,0,
CA2710010_005_005,36.702521,-121.651601,-147347.1,-144763.5,4.2,0,
CA2710010_006_006,36.674646,-121.641308,-146482.6,-147877.1,13.4,1,
CA2710010_007_007,36.664096,-121.628444,-145354.8,-149069.2,11.2,1,
CA2710010_008_008,36.698581,-121.64737,-146977.3,-145207.9,5.57,0,
CA2710010_009_009,36.661127,-121.660679,-148237.5,-149349.3,8.02,0,
CA2710010_014_014,36.702703,-121.631074,-145515.7,-144774.9,1.8,0,
CA2710010_015_015,36.650764,-121.620075,-144633.1,-150563.6,6.14,0,
CA2710010_017_017,36.664555,-121.670204,-149081.0,-148953.4,2.8,0,
CA2710010_018_018,36.67812,-121.630138,-145479.1,-147508.2,8.0,0,
CA2710010_019_019,36.650449,-121.630696,-145581.8,-150582.3,17.85,1,
CA2710010_020_020,36.702584,-121.663499,-148408.4,-144737.9,3.3,0,
CA2710010_022_022,36.715479,-121.659602,-148035.7,-143311.0,5.24,0,
CA2710010_023_023,36.670208,-121.67952,-149901.3,-148310.5,5.38,0,
CA2710010_024_024,36.709899,-121.632764,-145652.7,-143972.7,3.67,0,
CA2710010_026_026,36.69746,-121.66701,-148731.6,-145301.8,6.29,0,
CA2710010_027_027,36.665445,-121.680636,-150010.3,-148838.0,2.9,0,
CA2710010_029_029,36.659359,-121.605977,-143358.5,-149629.9,14.8,1,
CA2710010_030_030,36.688262,-121.665903,-148650.8,-146325.7,5.7,0,
CA2710010_037_037,36.732742,-121.651104,-147244.3,-141405.9,5.51,0,
CA2710010_041_041,36.711972,-121.649291,-147122.8,-143716.8,1.6,0,
CA2710010_043_043,36.761095,-121.613937,-143876.5,-138312.1,4.02,0,
CA2710010_046_046,36.703158,-121.630944,-145503.2,-144724.6,3.3,0,
CA2710010_077_077,36.655098,-121.648831,-147191.7,-150037.7,10.32,1,
CA2710010_102_102,36.664661,-121.654047,-147638.8,-148966.9,0.9,0,
CA2710010_103_103,36.665164,-121.616581,-144293.9,-148968.7,6.3,0,
CA2710010_104_104,36.731753,-121.631144,-145466.4,-141546.6,12.2,1,
CA2710010_106_106,36.704925,-121.654683,-147617.4,-144491.5,1.6,0,
CA2710010_123_123,36.691472,-121.646736,-146934.5,-145998.9,1.89,0,
CA2710010_131_131,36.648044,-121.630703,-145587.1,-150849.6,1.6,0,
CA2710010_132_132,36.725,-121.658262,-147897.6,-142255.1,0.48,0,
CA2710010_136_136,36.764255,-121.662903,-148235.0,-137885.5,1.7,0,
CA2710010_137_137,36.765486,-121.656215,-147636.5,-137759.1,1.36,0,
CA2710011_006_006,36.428351,-121.323091,-118466.6,-175691.0,0.6,0,
CA2710011_007_007,36.42336,-121.32146,-118328.3,-176247.6,0.4,0,
CA2710011_008_008,36.417586,-121.31246,-117531.3,-176900.4,0.2,0,
CA2710011_013_013,36.439144,-121.333216,-119356.2,-174478.9,0.9,0,
CA2710011_014_014,36.432371,-121.333303,-119374.6,-175231.4,0.2,0,
CA2710012_002_002,36.604949,-121.639359,-146442.6,-155625.1,2.5,0,
CA2710012_003_003,36.602284,-121.638613,-146381.1,-155922.4,0.9,0,
CA2710012_007_007,36.606467,-121.698773,-151746.4,-155363.0,2.3,0,
CA2710012_009_009,36.623767,-121.665882,-148774.9,-153492.7,2.5,0,
CA2710012_016_016,36.600234,-121.631692,-145766.8,-156160.9,3.2,0,
CA2710012_017_017,36.601166,-121.633412,-145918.6,-156054.7,2.49,0,
CA2710012_018_018,36.606186,-121.64275,-146743.1,-155482.4,2.04,0,
CA2710012_024_024,36.598692,-121.628689,-145501.5,-156336.8,3.77,0,
CA2710016_001_001,36.192778,-121.1325,-101715.1,-202088.3,1.25,0,
CA2710016_002_002,36.192464,-121.133747,-101827.5,-202121.9,1.4,0,
CA2710016_003_003,36.188337,-121.125296,-101073.9,-202589.5,2.5,0,
CA2710017_008_008,36.671691,-121.782446,-159083.5,-147978.0,0.2,0,
CA2710017_009_009,36.67701,-121.778812,-158748.2,-147393.0,0.2,0,
CA2710017_010_010,36.690876,-121.786121,-159371.3,-145839.9,0.25,0,
CA2710017_026_026,36.661839,-121.755287,-156680.1,-149118.0,3.8,0,
CA2710017_027_027,36.666976,-121.751214,-156306.1,-148553.9,5.4,0,
CA2710017_028_028,36.662455,-121.746454,-155890.5,-149064.1,3.6,0,
CA2710017_033_033,36.659683,-121.740839,-155395.0,-149381.4,0.2,0,
CA2710017_034_034,36.649292,-121.726892,-154171.2,-150558.8,0.87,0,
CA2710018_004_004,36.613338,-121.821804,-162720.4,-154395.5,1.3,0,
CA2710019_001_001,36.781269,-121.708071,-152226.9,-135923.2,6.78,0,
CA2710019_003_003,36.775435,-121.722126,-153491.1,-136548.8,1.0,0,
CA2710019_008_008,36.773606,-121.729294,-154133.7,-136740.4,0.61,0,
CA2710021_003_003,36.571049,-121.744775,-155927.6,-159224.0,2.18,0,
CA2710021_004_004,36.57087,-121.744474,-155901.1,-159244.4,2.23,0,
CA2710021_005_005,36.566297,-121.754787,-156832.0,-159735.6,2.69,0,
CA2710021_011_011,36.571111,-121.743888,-155848.2,-159218.6,2.58,0,
CA2710023_002_002,36.62326,-121.650634,-147414.2,-153572.9,0.5,0,
CA2710023_005_005,36.622108,-121.650922,-147442.2,-153700.4,0.4,0,
CA2710023_009_009,36.627264,-121.646497,-147037.1,-153134.4,0.5,0,
CA2710705_003_003,35.800923,-120.76116,-68713.7,-245958.1,1.05,0,
CA2710705_015_015,35.795765,-120.771726,-69672.2,-246523.4,0.2,0,
CA2710706_001_001,35.82015,-120.75855,-68461.0,-243824.0,0.07,0,
CA2710850_005_005,36.475845,-121.372894,-122849.1,-170350.0,4.7,0,
CA2710850_006_006,36.473364,-121.375625,-123097.4,-170622.1,4.5,0,
CA2710850_007_007,36.471197,-121.377784,-123294.1,-170860.1,5.1,0,
CA2710851_002_002,36.48283,-121.374115,-122947.1,-169572.2,14.8,1,
CA2710851_004_004,36.470715,-121.373816,-122939.8,-170918.8,10.3,1,
CA2800736_002_002,36.427333,-121.306778,-117007.6,-175824.3,0.05,0,
CCDW104,36.81233,-121.647136,-146736.8,-132567.4,0.05,0,
CCDW127,36.638051,-121.527259,-136370.4,-152113.9,65.7,1,
CCDW130,36.631785,-121.549343,-138353.5,-152778.2,66.0,1,
CCDW132,36.8049,-121.730789,-154203.4,-133260.4,2.0,0,
CCDW141,36.82469,-121.659708,-147832.6,-131174.3,1.4,0,
CCDW142,36.824089,-121.670947,-148834.8,-131223.5,5.6,0,
CCDW143,36.774949,-121.677212,-149489.4,-136674.6,6.6,0,
CCDW16,36.829599,-121.705431,-151895.0,-130556.5,21.2,1,
CCDW217,36.789,-121.719777,-153254.5,-135045.2,0.4,0,
CCDW22,36.83466,-121.66802,-148553.4,-130053.3,14.4,1,
CCDW226,36.798064,-121.700181,-151490.3,-134069.4,4.3,0,
CCDW273,36.815557,-121.662185,-148071.0,-132185.4,11.5,1,
CCDW274,36.779375,-121.64794,-146872.1,-136228.5,2.17,0,
CCDW278,36.830724,-121.66648,-148424.0,-130493.2,3.2,0,
CCDW279,36.829577,-121.652235,-147157.6,-130642.8,8.4,0,
CCDW298,36.843806,-121.725733,-153674.3,-128945.0,10.7,1,
CCDW322,36.84168,-121.72345,-153475.3,-129184.9,0.5,0,
CCDW35,36.793548,-121.708874,-152273.8,-134557.3,0.4,0,
CCDW372,36.810746,-121.675917,-149303.6,-132698.5,1.8,0,
CCDW373,36.819402,-121.673215,-149046.0,-131740.8,12.5,1,
CCDW374,36.829798,-121.65293,-147219.1,-130617.2,8.4,0,
CCDW410,36.819589,-121.662316,-148074.9,-131737.1,12.2,1,
CCDW418,36.803595,-121.681858,-149847.0,-133483.8,2.0,0,
CCDW437,36.8437875,-121.7256306,-153665.2,-128947.2,13.4,1,
CCDW438,36.8039773,-121.7033974,-151765.1,-133407.1,1.0,0,
CCDW459,36.803378,-121.686253,-150238.9,-133501.0,4.1,0,
CCDW467,36.7893429,-121.7241319,-153641.8,-135000.0,2.1,0,
CCDW471,36.8309544,-121.699522,-151366.1,-130415.3,9.5,0,
CCDW473,36.809848,-121.683288,-149962.0,-132786.7,5.1,0,
CCDW474,36.811495,-121.649281,-146929.5,-132656.9,0.05,0,
CCDW49,35.86198,-120.80237,-72376.5,-239144.4,28.4,1,
CCDW497,36.8168856,-121.6930246,-150815.4,-131989.2,1.4,0,
CCDW50,35.798221,-120.573718,-51794.5,-246377.4,6.8,0,
CCDW502,36.8029086,-121.7238596,-153590.1,-133492.9,3.4,0,
CCDW503,36.82364,-121.6688687,-148650.6,-131276.7,14.0,1,
CCDW504,36.3278125,-121.2609315,-113049.9,-186938.6,16.0,1,
CCDW505,36.3276686,-121.2603541,-112998.3,-186955.3,16.0,1,
CCDW506,36.3297444,-121.2583147,-112812.4,-186727.0,27.0,1,
CCDW507,36.3278374,-121.2616429,-113113.6,-186935.0,26.0,1,
CCDW508,36.3154736,-121.270634,-113938.1,-188298.0,37.0,1,
CCDW509,36.3197784,-121.2599853,-112976.9,-187832.4,38.0,1,
CCDW515,36.817194,-121.6627727,-148120.2,-132002.6,7.8,0,
CCDW516,36.3272045,-121.2590184,-112879.3,-187008.4,19.0,1,
CCDW517,36.3247848,-121.2316911,-110432.8,-187309.5,55.0,1,
CCDW518,36.3110722,-121.2685617,-113758.8,-188789.6,31.0,1,
CCDW519,36.322066,-121.271603,-114015.1,-187564.3,21.0,1,
CCDW520,36.3321131,-121.2449063,-111606.9,-186479.7,56.0,1,
CCDW521,36.3116506,-121.2703611,-113919.3,-188723.2,36.0,1,
CCDW522,36.421252,-121.2844853,-115020.8,-176527.3,9.9,0,
CCDW523,36.416227,-121.2781493,-114461.0,-177093.4,20.0,1,
CCDW524,36.4437692,-121.431228,-128122.3,-173837.1,32.0,1,
CCDW525,36.4208699,-121.2840243,-114980.1,-176570.4,15.0,1,
CCDW526,36.4203336,-121.2832914,-114915.3,-176630.8,0.12,0,
CCDW527,36.4033392,-121.2584786,-112718.6,-178549.1,12.0,1,
CCDW528,36.4684556,-121.3930698,-124666.4,-171144.8,92.0,1,
CCDW529,36.4825381,-121.4889193,-133218.7,-169449.5,37.0,1,
CCDW530,36.8078096,-121.6626392,-148126.6,-133045.7,16.0,1,
CCDW531,36.8160876,-121.6622483,-148075.7,-132126.3,12.0,1,
CCDW532,36.7336382,-121.6963476,-151276.9,-141235.0,31.0,1,
CCDW533,36.756597,-121.6570448,-147727.7,-138745.6,20.0,1,
CCDW534,36.7561473,-121.6579226,-147806.8,-138794.3,77.0,1,
CCDW535,36.7876177,-121.686766,-150315.8,-135251.6,11.0,1,
CCDW543,36.733807,-121.5977556,-142485.2,-141369.0,13.0,1,
CCDW544,36.7242762,-121.5987631,-142592.9,-142426.7,0.02,0,
CCDW545,36.7255188,-121.5987812,-142592.2,-142288.5,19.0,1,
CCDW546,36.6315236,-121.5472382,-138166.1,-152810.3,21.0,1,
CCDW547,36.7591918,-121.652998,-147362.0,-138463.6,14.0,1,
CCDW548,36.7499782,-121.6198432,-144424.0,-139538.5,11.0,1,
CCDW549,36.7559152,-121.6147574,-143959.4,-138886.5,8.8,0,
CCDW567,36.3052109,-121.2743741,-114288.8,-189433.9,35.0,1,
CCDW568,36.4614324,-121.3313653,-119155.8,-172004.5,5.8,0,
CCDW569,36.8036767,-121.7093593,-152296.8,-133430.9,11.0,1,
CCDW570,36.8038571,-121.7125395,-152579.7,-133405.8,18.0,1,
CCDW571,36.8043612,-121.712189,-152547.5,-133350.3,13.0,1,
CCDW572,36.8000202,-121.7140025,-152717.8,-133829.8,22.0,1,
CCDW573,36.7521891,-121.6554861,-147597.3,-139237.9,28.0,1,
CCDW580,36.6744281,-121.7484508,-156044.2,-147730.3,31.0,1,
CCDW581,36.7773798,-121.6762266,-149396.8,-136406.0,11.0,1,
CCDW582,36.7515728,-121.6626805,-148239.9,-139295.2,45.0,1,
CCDW585,36.6163444,-121.5405283,-137594.3,-154506.9,39.0,1,
CCDW586,36.6302832,-121.5458716,-138046.3,-152950.1,27.0,1,
CCDW587,36.7920488,-121.7103064,-152404.5,-134721.6,13.0,1,
CCDW60,35.81668,-120.54461,-49154.9,-244342.2,4.1,0,
CCDW65,36.39907,-121.25429,-112349.7,-179028.4,9.3,0,
CCDW654,36.824812,-121.6690279,-148662.5,-131146.2,6.9,0,
CCDW655,36.8196576,-121.6463093,-146649.0,-131754.4,16.0,1,
CCDW656,36.7929933,-121.700177,-151500.1,-134632.9,13.0,1,
CCDW657,36.7503817,-121.6619003,-148172.7,-139428.8,42.0,1,
CCDW7,36.810968,-121.650326,-147023.6,-132713.8,0.05,0,
CCDW747,36.8111455,-121.6545145,-147396.4,-132687.6,21.5,1,
CCDW859,36.830763,-121.7019,-151578.2,-130432.8,5.7,0,
CCDW860,36.793662,-121.66327,-148210.4,-134616.9,8.1,0,
CCDW884,36.7933875,-121.689171,-150518.7,-134606.6,0.7,0,
CCDW962,36.80323,-121.70497,-151906.7,-133487.6,7.9,0,
CCDW97,36.5644,-121.69486,-151480.5,-160043.8,1.7,0,
CCDW98,36.80466,-121.69344,-150876.6,-133347.1,1.4,0,
CCDW99,36.55069,-121.69009,-151081.4,-161574.9,0.3,0,
MSMB-02; S-MS-SV06-T2,36.6182518005371,-121.839973449707,-164332.5,-153818.1,6.44,0,410.0
MSMB-17,36.7554740905762,-121.743835449219,-155466.7,-138731.7,0.36,0,1060.0
MSMB-26,36.6645851135254,-121.670280456543,-149087.7,-148949.9,2.79,0,650.0
MSMB-28,36.6049995422363,-121.639358520508,-146442.5,-155619.5,3.09,0,490.0
MSMB-37,36.6853332519531,-121.604225158691,-143153.3,-146746.1,5.74,0,831.0
MSPR-09,35.8008613586426,-120.761192321777,-68716.7,-245964.9,0.54,0,502.0
"MSSV-02, S-MS-SV27",36.0137214660645,-120.915252685547,-82395.8,-222193.8,0.15,0,140.0
MSSV-06,36.188362121582,-121.125305175781,-101074.7,-202586.7,2.77,0,220.0
MSSV-07,36.2016677856445,-121.133277893066,-101773.1,-201099.7,2.38,0,214.0
MSSV-11,36.3176956176758,-121.272552490234,-114106.8,-188048.8,4.05,0,904.0
S-MS-H10,35.8905296325684,-120.922859191895,-83213.8,-235873.8,0.01,0,118.0
S-MS-H27,35.8382225036621,-120.539779663086,-48705.3,-241951.4,5.22,0,500.0
S-MS-SV11,36.3196678161621,-121.31339263916,-117765.6,-187779.7,0.19,0,420.0
S-MS-SV12,36.1420288085938,-121.105529785156,-99358.6,-207755.7,2.82,0,258.0
S-MS-SV13,35.7957992553711,-120.770729064941,-69582.2,-246520.3,0.27,0,365.0
S-MS-SV15,36.0068054199219,-120.91822052002,-82670.4,-222959.7,0.8,0,180.0
S-MS-SV18,36.4709167480469,-121.466163635254,-131202.8,-170772.6,12.4,1,85.0
S-MS-SV29,36.1899452209473,-121.068946838379,-96010.9,-202469.3,23.7,1,84.0
S-MS-SV30,36.3381118774414,-121.229164123535,-110187.1,-185831.5,49.0,1,200.0
SV001,36.1875534,-121.0766296,-96703.9,-202727.3,5.7,0,
SV001-DUP,36.1875534,-121.0766296,-96703.9,-202727.3,5.6,0,
SV002,36.1054955,-121.0133591,-91118.6,-211907.4,0.19,0,
SV002-DUP,36.1054955,-121.0133591,-91118.6,-211907.4,0.18,0,
SV003,36.4077759,-121.2695847,-113706.6,-178042.8,4.05,0,
SV004,36.5948944,-121.612648,-144075.8,-156783.3,1.04,0,
SV005,36.2996635,-121.2152863,-108997.8,-190119.9,6.75,0,
SV006,36.6037064,-121.6095886,-143785.8,-155808.8,1.52,0,
SV007,36.3343353,-121.3171387,-118078.8,-186145.3,14.1,1,
SV008,36.0123253,-120.9199982,-82824.5,-222344.8,0.17,0,
SV009,36.4928665,-121.4274292,-127700.2,-168386.4,38.5,1,
SV010,36.4540367,-121.4429245,-129152.0,-172680.3,3.8,0,
SV011,36.5148544,-121.4105606,-126154.8,-165965.7,3.2,0,
SV012,36.6445656,-121.581665,-141215.9,-151310.3,1.35,0,
SV013,36.6306458,-121.6001282,-142890.3,-152829.5,5.25,0,
SV014,36.6728249,-121.7471085,-155927.7,-147910.7,19.6,1,
SV016,36.6094551,-121.5337372,-137000.2,-155282.3,20.25,1,
SV017,36.6090736,-121.5334778,-136977.7,-155325.0,0.6,0,
SV018,36.7807961,-121.7846146,-159048.8,-135850.1,0.1,0,
USGS-354745120461101,35.79580029,-120.77073086,-69582.3,-246520.2,0.27,0,340.0
USGS-354805120453601,35.80086111,-120.76119444,-68716.9,-245965.0,0.54,0,502.0
USGS-355018120322301,35.83822222,-120.53977778,-48705.1,-241951.5,5.22,0,500.0
USGS-355325120552201,35.89052778,-120.92286111,-83214.0,-235874.0,0.02,0,118.0
USGS-355800120490901,35.96655556,-120.8191389,-73788.7,-227513.3,4.05,0,355.0
USGS-360000120540001,36.01372222,-120.91525,-82395.6,-222193.8,0.15,0,130.0
USGS-360024120550501,36.00680556,-120.91822222,-82670.6,-222959.6,0.8,0,180.0
USGS-360831121061901,36.14202778,-121.10552778,-99358.4,-207755.8,2.82,0,258.0
USGS-361100121070001,36.18836111,-121.12530556,-101074.7,-202586.8,2.77,0,220.0
USGS-361123121040801,36.18994444,-121.06894444,-96010.6,-202469.4,23.7,1,84.0
USGS-361207121075501,36.20166667,-121.13327778,-101773.1,-201099.8,2.38,0,212.0
USGS-361900121160001,36.31769444,-121.27255556,-114107.1,-188048.9,4.05,0,883.0
USGS-361910121184801,36.31966667,-121.31338889,-117765.2,-187779.9,0.19,0,410.0
USGS-362017121134501,36.33811111,-121.22916667,-110187.3,-185831.6,49.0,1,200.0
USGS-362815121275801,36.47091667,-121.46616667,-131203.1,-170772.6,12.4,1,85.0
USGS-363618121381901,36.605,-121.63936111,-146442.7,-155619.5,3.09,0,490.0
USGS-363700121500001,36.61825,-121.83997222,-164332.4,-153818.3,6.44,0,228.0
USGS-363955121401001,36.66458333,-121.67027778,-149087.5,-148950.1,2.79,0,650.0
USGS-364100121360001,36.68533333,-121.60422222,-143153.0,-146746.1,5.74,0,810.0
USGS-364500121440001,36.75547222,-121.74383333,-155466.5,-138731.9,0.36,0,630.0
